source_txid,source_vout,depth,parent_txid,parent_vout,address,value_sats,attributed_sats,block_height,block_time,spent,spent_txid,spent_height,path
4f5b0f4cf4e4e221872e856781013e5ddfdbb752970da8805d21cdb905d27f2f,0,3,cb8ec1939b215e0e017ce25b566e361164484bf369828058f0712577c88dbf48,0,sys1q26ncdjy3xn8cwk3q979js7rjazlp3rjype4t4j,10000000000000,9999919892608,2238763,1778783421,1,,,"16bca61abe581a460117bbab7a5c751c900fad4f4ce4cd73eeac20ed5171194b:1 > cb8ec1939b215e0e017ce25b566e361164484bf369828058f0712577c88dbf48:0 > 4f5b0f4cf4e4e221872e856781013e5ddfdbb752970da8805d21cdb905d27f2f:0"
4f5b0f4cf4e4e221872e856781013e5ddfdbb752970da8805d21cdb905d27f2f,1,3,cb8ec1939b215e0e017ce25b566e361164484bf369828058f0712577c88dbf48,0,sys1qrmtauvmgl0wqt843dr6v54jfffy4rzh8cqth4t,80091129,80090487,2238763,1778783421,1,,,"16bca61abe581a460117bbab7a5c751c900fad4f4ce4cd73eeac20ed5171194b:1 > cb8ec1939b215e0e017ce25b566e361164484bf369828058f0712577c88dbf48:0 > 4f5b0f4cf4e4e221872e856781013e5ddfdbb752970da8805d21cdb905d27f2f:1"
cb8ec1939b215e0e017ce25b566e361164484bf369828058f0712577c88dbf48,0,2,16bca61abe581a460117bbab7a5c751c900fad4f4ce4cd73eeac20ed5171194b,1,sys1qmk6rzqfeen3zn2h3aaf5u4lfz3acmwqg0uw8s9,10000000000000,10000000000000,2238742,1778780743,1,4f5b0f4cf4e4e221872e856781013e5ddfdbb752970da8805d21cdb905d27f2f,2238763,"16bca61abe581a460117bbab7a5c751c900fad4f4ce4cd73eeac20ed5171194b:1 > cb8ec1939b215e0e017ce25b566e361164484bf369828058f0712577c88dbf48:0"
4a092e4d76bd83bdd199abadb15199abd445eb5d86ba573ad61b5dbd791d6c1e,0,3,3fb6a8000a7980af076ed178eecd5651e0a0eae4470aeebd05bb4b1e8856b7a7,1,SjSvUy7ftBq6sSyk1mgDCSVo8CWQdQ5kS1,113773522964952,9933889717922,2238606,1778761277,1,,,"e30cbe76dc02597758cb4677c9c46a6d09de2dd384ca52c3c09febce9e14a2c9:0 > 3fb6a8000a7980af076ed178eecd5651e0a0eae4470aeebd05bb4b1e8856b7a7:1 > 4a092e4d76bd83bdd199abadb15199abd445eb5d86ba573ad61b5dbd791d6c1e:0"
d0570287ab594559a6d574fa1f51515bd4b7dcda821f68b52a29b6fdcd54c862,0,3,79bef7454368d2626ae600a2f058fb955ea1c6f281bfea34782507bc5194cfc4,0,sys1qn4zd8jk9xc3gg8yklxmef8f8azjxwnsjc6tm2h,10000000000000,10000000000000,2234567,1778143560,0,,,"cc56ddb32bb2430e9b42dd6601a0a8d0e7ebdae3fbffa4fbf03f437f02eaac4b:0 > 79bef7454368d2626ae600a2f058fb955ea1c6f281bfea34782507bc5194cfc4:0 > d0570287ab594559a6d574fa1f51515bd4b7dcda821f68b52a29b6fdcd54c862:0"
79bef7454368d2626ae600a2f058fb955ea1c6f281bfea34782507bc5194cfc4,1,2,cc56ddb32bb2430e9b42dd6601a0a8d0e7ebdae3fbffa4fbf03f437f02eaac4b,0,sys1qlg4a6j6kypvj5sez6s9glkha6y2ac9qqrl9ayr,10000000000000,10000000000000,2234560,1778142778,0,,,"cc56ddb32bb2430e9b42dd6601a0a8d0e7ebdae3fbffa4fbf03f437f02eaac4b:0 > 79bef7454368d2626ae600a2f058fb955ea1c6f281bfea34782507bc5194cfc4:1"
abd64500fa3489a6424d75e785f2e36f83eab480177d03783a6a6a37e69363da,0,3,8a8772231f061270e67319222202645ef45d5fcef803bfe9ec23dbd08718300c,0,SZQtBs51sCjsZx3GTFrjpH3ShZ89wxAERM,10000000000000,9299899999853,2222690,1776336561,0,,,"afb3f4c412f0695af7d7655e1540fb3fa05ec78434c86bd8f8a06ed0c05c4714:0 > 8a8772231f061270e67319222202645ef45d5fcef803bfe9ec23dbd08718300c:0 > abd64500fa3489a6424d75e785f2e36f83eab480177d03783a6a6a37e69363da:0"
8a8772231f061270e67319222202645ef45d5fcef803bfe9ec23dbd08718300c,1,2,afb3f4c412f0695af7d7655e1540fb3fa05ec78434c86bd8f8a06ed0c05c4714,0,SaHcS6NwYSsZGRvRDFqMQgbeURBr5vbPWq,10000000000000,10000000000000,2222685,1776335992,0,,,"afb3f4c412f0695af7d7655e1540fb3fa05ec78434c86bd8f8a06ed0c05c4714:0 > 8a8772231f061270e67319222202645ef45d5fcef803bfe9ec23dbd08718300c:1"
de2155016af350a36a09339e2cd74ee87a4bea7453962fa63ac8542516241689,0,3,4a79f90cbb2ab946a505925c1282f3edf3616d989bef67b61332f73f6a95cd9c,1,sys1qckjvz6p824z94ll487ad9at0qu9jdwwg2eu5qc,10000000000000,10000000000000,2221614,1776173376,0,,,"3c1b9ef2ba6f8c606b322b08d53dd965b04167dee346a73709036c5398472dd8:0 > 4a79f90cbb2ab946a505925c1282f3edf3616d989bef67b61332f73f6a95cd9c:1 > de2155016af350a36a09339e2cd74ee87a4bea7453962fa63ac8542516241689:0"
a17ed755ee7e440253bd146980fadcbca3644173ef2788efc0205f880c987067,0,1,,,sys1qnfg0vaqqhgcdlr9jth8yfuwu3vdg8rmvutc5t9,10000000000000,10000000000000,2209528,1774335373,,,,a17ed755ee7e440253bd146980fadcbca3644173ef2788efc0205f880c987067:0
cd37e44bcd8e71570900b8a070b60ed6201b302f92922762bae7daffe4ca31d7,1,2,521456371c660cdd778454af53aaff56c3f9b46cfd881a4c6fc51658aaf4b937,0,sys1qw2f934s5qum2ctgm25hxlpelv5wcqdc35h9v4a,10000000000000,9999666676666,2206330,1773850317,,,,"521456371c660cdd778454af53aaff56c3f9b46cfd881a4c6fc51658aaf4b937:0 > cd37e44bcd8e71570900b8a070b60ed6201b302f92922762bae7daffe4ca31d7:1"
43916c8586c22db8d1d405e983c88fab40a3107b7297644411916e05fe4a9234,0,2,1e72d82e9c3720c6a1035c783c854b673c593fc8b0ee65f108fda168698cc7e5,0,sys1qg33c6ungfh0pcqqv0ep3d4sld0zr5t7a6ru9fg,10000000000000,10000000000000,2205903,1773783386,,,,"1e72d82e9c3720c6a1035c783c854b673c593fc8b0ee65f108fda168698cc7e5:0 > 43916c8586c22db8d1d405e983c88fab40a3107b7297644411916e05fe4a9234:0"
c64976e6d4cf33b5e71ed52053a914b8eb0c7de893a21fbaa69c2250ee51ca36,0,2,9998714c0ad5ac1925f5870c71c3d7994aa0c2b5d2da33a8766efca596d0e5b4,0,sys1qg8ezh6zm3jtkk53xtcjjr2w0dwkynugud86sku,10000000000000,9260961594479,2180925,1769991304,1,,,"9998714c0ad5ac1925f5870c71c3d7994aa0c2b5d2da33a8766efca596d0e5b4:0 > c64976e6d4cf33b5e71ed52053a914b8eb0c7de893a21fbaa69c2250ee51ca36:0"
167bf1a0c12ea6629599c99c06a20e0bc900730f6186753c697814a9f7666516,0,2,599fde6854c8b7f26bf94fec73d6e7063ad46553e5e2168052e42ba4b5fadf7c,0,sys1qja2kpsceuldga7w6xaqhcarva472lyuwgthpqx,10000000000000,10000000000000,2173588,1768877793,,,,"599fde6854c8b7f26bf94fec73d6e7063ad46553e5e2168052e42ba4b5fadf7c:0 > 167bf1a0c12ea6629599c99c06a20e0bc900730f6186753c697814a9f7666516:0"
26990c53ff88322cdb33a8449403ebe00ab76640e5e802232a4041d2ebf94674,0,2,76b28c88c5e8e847197d35045e240e189b54b0bc142af65031f171ff78caaf59,0,sys1quelemermmyphuv4pyxfpxx8l5rkj9qeg3gcqpq,10000000000000,10000000000000,2150821,1765419200,1,,,"76b28c88c5e8e847197d35045e240e189b54b0bc142af65031f171ff78caaf59:0 > 26990c53ff88322cdb33a8449403ebe00ab76640e5e802232a4041d2ebf94674:0"
3fb6a8000a7980af076ed178eecd5651e0a0eae4470aeebd05bb4b1e8856b7a7,1,2,e30cbe76dc02597758cb4677c9c46a6d09de2dd384ca52c3c09febce9e14a2c9,0,ScXZDDXgEzCsAUY7NWhGQMmJHv8g44mBzf,10000000000000,9933890296213,2122018,1761045085,1,4a092e4d76bd83bdd199abadb15199abd445eb5d86ba573ad61b5dbd791d6c1e,2238606,"e30cbe76dc02597758cb4677c9c46a6d09de2dd384ca52c3c09febce9e14a2c9:0 > 3fb6a8000a7980af076ed178eecd5651e0a0eae4470aeebd05bb4b1e8856b7a7:1"
306b35a82336ad7b79b324e2346c3bee08ed5c1c4b3928ef3df5d618c0529fb1,1,2,2180d220ef60475dfd5a627ae31188a319efcab51d0b579c8bdd1af784111eb6,0,sys1qclhrs9q768f7dpzkhntlxvkgfxy9d7rzd39wll,10000000000000,9999800004197,2051267,1750322307,1,,,"2180d220ef60475dfd5a627ae31188a319efcab51d0b579c8bdd1af784111eb6:0 > 306b35a82336ad7b79b324e2346c3bee08ed5c1c4b3928ef3df5d618c0529fb1:1"
38fbf57f9aca1aa8ca8b86b725ccf3732e5543a2159205dbbc5222d8e73e57ea,0,1,,,sys1qkeeg2d8facxamh2ce9707hfgsen7w3ynry37ee,10000000000000,10000000000000,2051229,1750315092,1,,,38fbf57f9aca1aa8ca8b86b725ccf3732e5543a2159205dbbc5222d8e73e57ea:0
d3d28097132ce481456763a9ddfdb59e2a88501f5ce96ab7bda7cf0c6d3c6cc4,0,2,82eaa82449c5704c644a1983752f734053a92fbd0a09d92d3bb3d4bbf6efd7b8,0,sys1qc988cqyyz2wn0rwgv0jnyyy4qfvuytcq7l66qn,10000000000000,10000000000000,2046122,1749536282,1,,,"82eaa82449c5704c644a1983752f734053a92fbd0a09d92d3bb3d4bbf6efd7b8:0 > d3d28097132ce481456763a9ddfdb59e2a88501f5ce96ab7bda7cf0c6d3c6cc4:0"
969d58bfdf157b1399202d66f335d59aeaa8068be7e71226b33cc67a2fdc7ac8,0,1,,,sys1qd30p60gtggapvgq59gwek3jvls7fzt8lwepxrv,10000000000000,10000000000000,2039517,1748539839,1,,,969d58bfdf157b1399202d66f335d59aeaa8068be7e71226b33cc67a2fdc7ac8:0
ebd8b087248dbac4dd1b0c2a4d15f9b338ef6c7fd8fb547dbc6c25a1f49e291f,0,1,,,sys1q8zdm64cq2kg3vuwa60zdgd4x08rcxepph7tncj,10000000000000,10000000000000,2032727,1747519504,1,,,ebd8b087248dbac4dd1b0c2a4d15f9b338ef6c7fd8fb547dbc6c25a1f49e291f:0
feb753eb2d0472688c267e49c3e4ddec345e19350d20db47232e7d73ba3580a2,1,2,df99172ebd216089bd590865f2b5ab4e7d60a2e0793327269c63000207056220,0,SSxEAFQYM5424Y7k1pHPHZGxhrCPxAqo25,10000000000000,10000000000000,2025120,1746373798,,,,"df99172ebd216089bd590865f2b5ab4e7d60a2e0793327269c63000207056220:0 > feb753eb2d0472688c267e49c3e4ddec345e19350d20db47232e7d73ba3580a2:1"
3dcb20cb91256956d63f09847e4a700195d0e637b8fb7de1784b2c97c71d2d56,0,1,,,sys1qjqyny5sqw6r7g9qkdln984t22f00fgn3n59fz5,10000000000000,10000000000000,2022195,1745935933,,,,3dcb20cb91256956d63f09847e4a700195d0e637b8fb7de1784b2c97c71d2d56:0
964fcdd77375409c0006c56659c04ea3d563b4b04cc0b10eb79a1e7c28f849e2,0,1,,,sys1q53ezhmpapqyauycftcht2n63unmjarxpyrveze,10000000000000,10000000000000,2022178,1745933861,,,,964fcdd77375409c0006c56659c04ea3d563b4b04cc0b10eb79a1e7c28f849e2:0
4fc9dd11eed297c143a620ad697eb067906cca8c82a06da1914cd58cf1ce9151,0,1,,,sys1q8zdm64cq2kg3vuwa60zdgd4x08rcxepph7tncj,10000000000000,10000000000000,1999904,1742488359,1,,,4fc9dd11eed297c143a620ad697eb067906cca8c82a06da1914cd58cf1ce9151:0
392ec72c65d33ceca834eff53643961c3bcd2cb0302da3d2ce8ad75792206abb,1,2,04c8d013f49796832ec55e5602340a67d67c2779101fc4267fd0a0ef33e357c2,0,sys1qks25yqvezez8gjhvjw650ppdx424lcqsqj877s,10000000000000,9943150919185,1985127,1740239798,,,,"04c8d013f49796832ec55e5602340a67d67c2779101fc4267fd0a0ef33e357c2:0 > 392ec72c65d33ceca834eff53643961c3bcd2cb0302da3d2ce8ad75792206abb:1"
e4e15dcf5640cf29c17e86c7ee380590018818df1e678d2617f74eca64d37403,0,2,214c2406b25fb9a1d42c575103602c9ab72a5488fbb8e8655bf6557a4b10e343,0,Se3PrVygdztrU5hEXageggs2qoQWcSnYY3,10000000000000,10000000000000,1982423,1739826172,1,,,"214c2406b25fb9a1d42c575103602c9ab72a5488fbb8e8655bf6557a4b10e343:0 > e4e15dcf5640cf29c17e86c7ee380590018818df1e678d2617f74eca64d37403:0"
2b6eadb31295134b0ddb0cb9a53f59769f35d293a22fb497e1586951c5fcc3fc,1,2,26fe7fc6279d9857c8ea9aeb14bbee732107ab717e7ae42d54907fc2a2f8e0ef,0,sys1q2ejcryjw0848u476vmwcc6af0lknhrjufwhvl7,10000000000000,10000000000000,1976574,1738938639,1,,,"26fe7fc6279d9857c8ea9aeb14bbee732107ab717e7ae42d54907fc2a2f8e0ef:0 > 2b6eadb31295134b0ddb0cb9a53f59769f35d293a22fb497e1586951c5fcc3fc:1"
208470a2685ec4f1dca9a5702b212d5b6d492669e5cd7c1d74faaa08327d164d,0,1,,,sys1qh5ccv4zpcj58s59yefj3wk6cxj7w5nm2ucs02r,10000000000000,10000000000000,1974363,1738602767,1,,,208470a2685ec4f1dca9a5702b212d5b6d492669e5cd7c1d74faaa08327d164d:0
af94ae51badd38a2b5f312a7d0eab37120af1b82b8e85862f8f010d0f3f5d95f,0,1,,,sys1qcwtykmtpapy56flrz0rldmrlrr3604g6jz8m38,10000000000000,10000000000000,1973724,1738505915,,,,af94ae51badd38a2b5f312a7d0eab37120af1b82b8e85862f8f010d0f3f5d95f:0
79ad82d7f15b9e7269cbc905b5f3b4c06b977a7cebcb072340753a80045f644e,0,1,,,sys1qcwtykmtpapy56flrz0rldmrlrr3604g6jz8m38,10000000000000,10000000000000,1973698,1738503296,,,,79ad82d7f15b9e7269cbc905b5f3b4c06b977a7cebcb072340753a80045f644e:0
1b8952d90163e108f6505df0a7b7f431df587c9815ec7d78ea7ee19c5d3f6484,0,1,,,sys1qcwtykmtpapy56flrz0rldmrlrr3604g6jz8m38,10000000000000,10000000000000,1973388,1738457219,,,,1b8952d90163e108f6505df0a7b7f431df587c9815ec7d78ea7ee19c5d3f6484:0
e7199cf71fc2f7a6e0cb6327072e13b8d2e06b54ecc014376abaad718c6c1760,0,1,,,sys1qcwtykmtpapy56flrz0rldmrlrr3604g6jz8m38,10000000000000,10000000000000,1973212,1738430691,,,,e7199cf71fc2f7a6e0cb6327072e13b8d2e06b54ecc014376abaad718c6c1760:0
6f2a4a7bbcb1bc15cd4ca54dceb11a44181bbad5b4813aafbdf3c08d5e9426d8,0,1,,,sys1qh5ccv4zpcj58s59yefj3wk6cxj7w5nm2ucs02r,10000000000000,10000000000000,1972804,1738366504,1,,,6f2a4a7bbcb1bc15cd4ca54dceb11a44181bbad5b4813aafbdf3c08d5e9426d8:0
4e22c354e4dbc7976a80017cbe9c0e7888103cf5a844e6ba616fe5b3f68e0df2,0,1,,,sys1qcwtykmtpapy56flrz0rldmrlrr3604g6jz8m38,10000000000000,10000000000000,1972754,1738357930,,,,4e22c354e4dbc7976a80017cbe9c0e7888103cf5a844e6ba616fe5b3f68e0df2:0
9333d9e56fbe9e369866fdcb4092d3510bb961a92cf7f3f27af64226c7aa0e10,0,1,,,sys1qcwtykmtpapy56flrz0rldmrlrr3604g6jz8m38,10000000000000,10000000000000,1972223,1738276507,,,,9333d9e56fbe9e369866fdcb4092d3510bb961a92cf7f3f27af64226c7aa0e10:0
8d4f0143d42e5f6c5784a8d0effa8411734999582f0c369f90b81581b00c4a50,0,1,,,sys1qcwtykmtpapy56flrz0rldmrlrr3604g6jz8m38,10000000000000,10000000000000,1972186,1738271071,,,,8d4f0143d42e5f6c5784a8d0effa8411734999582f0c369f90b81581b00c4a50:0
fccb7e11101de58bea66b9d82e7303ace4eedba3799b085e71eb34cd4864d17d,0,1,,,sys1qcwtykmtpapy56flrz0rldmrlrr3604g6jz8m38,10000000000000,10000000000000,1972150,1738267159,,,,fccb7e11101de58bea66b9d82e7303ace4eedba3799b085e71eb34cd4864d17d:0
a52b1ba79046835b9c91bda446f812f15b4be967d020c5dea4795f532a16a563,0,2,3386a11c951887ddc819483069fa59102549096d3485fdbd4e2f72ca0177f686,0,SZzRwFXd7ksbCdnrm3jqjuaJw1CgD7zeyE,10000000000000,9796723049873,1970280,1737979001,,,,"3386a11c951887ddc819483069fa59102549096d3485fdbd4e2f72ca0177f686:0 > a52b1ba79046835b9c91bda446f812f15b4be967d020c5dea4795f532a16a563:0"
8d67c6c78289e1d3aaf475c2a637a4309d7ac4d6dc6404b045256ec6ac8d23fa,0,1,,,sys1q7k2qc649g2jzayucjat87ffc0gqeuexz0s2zvt,10000000000000,10000000000000,1969192,1737819357,1,,,8d67c6c78289e1d3aaf475c2a637a4309d7ac4d6dc6404b045256ec6ac8d23fa:0
d4ed537e8ed2d4ece9bbed969c0e0c8a4b573b3f5d011fa8313a75acedb89365,0,1,,,sys1qs2u7gnpwwptaw09af4zv7ya7ckq9kmn57erex2,10000000000000,10000000000000,1965304,1737224319,1,,,d4ed537e8ed2d4ece9bbed969c0e0c8a4b573b3f5d011fa8313a75acedb89365:0
a394c93298ebb5169d9b14fad65d43ce61b3a3654c65a5a85e48adc98a37c48b,0,1,,,sys1q40pnhur35l9x5sdur3gfujlet2rjusp47g4xp0,10000000000000,10000000000000,1948085,1734605361,1,,,a394c93298ebb5169d9b14fad65d43ce61b3a3654c65a5a85e48adc98a37c48b:0
a394c93298ebb5169d9b14fad65d43ce61b3a3654c65a5a85e48adc98a37c48b,2,1,,,sys1qyh7qp7793d6nsj9p5hk5huss0kx4g2x6vs5whn,10000000000000,10000000000000,1948085,1734605361,1,,,a394c93298ebb5169d9b14fad65d43ce61b3a3654c65a5a85e48adc98a37c48b:2
fe6870b4b70a53ea11d9125becc20978b2a219e7fb051580401f9a0c7e8470f7,0,1,,,sys1q7j9hsfctmfj9wj2znuq4kr8hwj7x33gsf2eefg,10000000000000,10000000000000,1938064,1733078924,1,,,fe6870b4b70a53ea11d9125becc20978b2a219e7fb051580401f9a0c7e8470f7:0
b3b75af3569329a2e9a68a6175ee8fd8840e86009de16df5d4d9301f832dc9b3,0,1,,,sys1qc95jxd3qx7xd5w4pmqlhzglrkgn56kjsxusdxk,10000000000000,10000000000000,1926619,1731347404,,,,b3b75af3569329a2e9a68a6175ee8fd8840e86009de16df5d4d9301f832dc9b3:0
28151fdd6a14f9107046bb67b1820c912d8eca427012fef4a576f98a2951fded,0,1,,,sys1qwc30zspyuvrwzq3pyz5x27t0ewemsl6c3cdvt4,10000000000000,10000000000000,1926445,1731322807,1,,,28151fdd6a14f9107046bb67b1820c912d8eca427012fef4a576f98a2951fded:0
ff69ca5a60b348ae42a56c884fde681b666c20aff410442fb06d6cc4212bf178,1,2,cd95b78a9bf1a793a35dd90121a74415b15b4f6992b80f202787fa2b5ca5f73f,0,sys1q92d8x7n7rq8zm40w304hkz22r767hyslrrc2p2,10000000000000,9980796734416,1883327,1724760939,,,,"cd95b78a9bf1a793a35dd90121a74415b15b4f6992b80f202787fa2b5ca5f73f:0 > ff69ca5a60b348ae42a56c884fde681b666c20aff410442fb06d6cc4212bf178:1"
32b722a21500e0db415f058b0473257eba9f04bb5a1092e582f0caf3ee5b04c9,0,2,ffce6c6086ed5ccf3b1f710d81f39d867604defe8418e774c16f89c4a7860454,0,SdpcvVVQ9h9YvWLTsJy4ibxm4Pups4yp5w,10000000000000,10000000000000,1880188,1724284862,,,,"ffce6c6086ed5ccf3b1f710d81f39d867604defe8418e774c16f89c4a7860454:0 > 32b722a21500e0db415f058b0473257eba9f04bb5a1092e582f0caf3ee5b04c9:0"
32b722a21500e0db415f058b0473257eba9f04bb5a1092e582f0caf3ee5b04c9,2,2,ffce6c6086ed5ccf3b1f710d81f39d867604defe8418e774c16f89c4a7860454,0,SPF63FuVrPEAc7WDCVVjU7RNcsFDVcRpx4,10000000000000,10000000000000,1880188,1724284862,,,,"ffce6c6086ed5ccf3b1f710d81f39d867604defe8418e774c16f89c4a7860454:0 > 32b722a21500e0db415f058b0473257eba9f04bb5a1092e582f0caf3ee5b04c9:2"
716813708c18aa5661130543242534a7785f657a0f175dd6ad54a7072160e79f,0,1,,,sys1q8zdm64cq2kg3vuwa60zdgd4x08rcxepph7tncj,10000000000000,10000000000000,1878431,1724019419,1,,,716813708c18aa5661130543242534a7785f657a0f175dd6ad54a7072160e79f:0
95b8016aa02832775e8547868ce488cda0e25c4ccab86a47e70318c5b510826a,0,1,,,sys1qkeeg2d8facxamh2ce9707hfgsen7w3ynry37ee,10000000000000,10000000000000,1878016,1723949717,1,,,95b8016aa02832775e8547868ce488cda0e25c4ccab86a47e70318c5b510826a:0
881b659646f1e826e21c3462616548abc416e192bd6b5854f9ae6f66083d620c,0,1,,,sys1qlh6ee8j8d7lelpryspqtkkam3nnyt7pclmk4pk,10000000000000,10000000000000,1873443,1723257010,,,,881b659646f1e826e21c3462616548abc416e192bd6b5854f9ae6f66083d620c:0
bbe2c0c90ae0978f37d7a7624643029f9b16f3338a7d80901fe02f4f1f424783,0,1,,,sys1qkeeg2d8facxamh2ce9707hfgsen7w3ynry37ee,10000000000000,10000000000000,1872742,1723156429,1,,,bbe2c0c90ae0978f37d7a7624643029f9b16f3338a7d80901fe02f4f1f424783:0
bd98648453f5eef4798d12b44487761aa5619b5ed74bdc717a443bf75c03c848,0,2,c87f90c65b65d869f61c718d28a7a433ccc156fb22a77377245d34869667dd52,0,sys1qv6u3gdzlyum8uuqp99xynd3ccl75zpdak28848,10000000000000,10000000000000,1872307,1723087522,1,,,"c87f90c65b65d869f61c718d28a7a433ccc156fb22a77377245d34869667dd52:0 > bd98648453f5eef4798d12b44487761aa5619b5ed74bdc717a443bf75c03c848:0"
1ed2083420559b3c0bd8e7c2a53f949a4598b7ad2dc14784fd4ce34627f2440b,0,1,,,sys1qkeeg2d8facxamh2ce9707hfgsen7w3ynry37ee,10000000000000,10000000000000,1870123,1722753453,1,,,1ed2083420559b3c0bd8e7c2a53f949a4598b7ad2dc14784fd4ce34627f2440b:0
c2be14db9ce47ba3b3c566e9d716f7f0afab6d3783aca742b793ccbbf877cfc6,0,1,,,sys1qq8zs4ryeqa9qvgfllq3zk8nj65gw47mcv4tmxy,10000000000000,10000000000000,1858980,1721061380,,,,c2be14db9ce47ba3b3c566e9d716f7f0afab6d3783aca742b793ccbbf877cfc6:0
c247be973954fa4a0e1a92bfe2f6ef37512ea74bf50b076c60107e63c598bc9e,0,1,,,sys1q9dux9wu0dx4e0ar9tw0ujudge6vw8y2525nhkj,10000000000000,10000000000000,1857952,1720903943,,,,c247be973954fa4a0e1a92bfe2f6ef37512ea74bf50b076c60107e63c598bc9e:0
a42bd3a7b8534c2056658e9a2aae9df885efb46adcc275a96e8564c3a0de4eca,0,1,,,sys1qft09k20kng66uatgfz3588dmj5usrq3yuwddfc,10000000000000,10000000000000,1857944,1720902896,,,,a42bd3a7b8534c2056658e9a2aae9df885efb46adcc275a96e8564c3a0de4eca:0
4229b5127557a4ccf7a83e19ce7088ffb50166107b4c2ffea73482f44911c5ae,0,1,,,sys1qluq0t6whdhwgxvmm3ctyan7r90djznm7t3gd85,10000000000000,10000000000000,1854582,1720390553,,,,4229b5127557a4ccf7a83e19ce7088ffb50166107b4c2ffea73482f44911c5ae:0
9fa3124093363108113369bea910331b01d86f967fa2e45b98d9fa441b588c4f,0,1,,,sys1qlysng9ll5vr2jdskrmgmsnyf6c7nezax75nvqg,10000000000000,10000000000000,1854562,1720387918,,,,9fa3124093363108113369bea910331b01d86f967fa2e45b98d9fa441b588c4f:0
ddb02fa4d583b73c065a5b49972d40291ef361ae00d9ccbd409d66f8aa460baf,0,1,,,sys1qjdy00zsgzds5349d4mhg4rlleegzgfveeyy46s,10000000000000,10000000000000,1853523,1720229396,,,,ddb02fa4d583b73c065a5b49972d40291ef361ae00d9ccbd409d66f8aa460baf:0
1e4d2ea232fc51b079bbb6cf4699c62f7c90b3a49d84389daa713d1adb856f72,0,1,,,sys1qr3xhmrc53sr442vlnmjx0s26lhz5ju9u9580wu,10000000000000,10000000000000,1853514,1720228580,,,,1e4d2ea232fc51b079bbb6cf4699c62f7c90b3a49d84389daa713d1adb856f72:0
9ffb201757940b46b322301ad385f9e815258079cc287734144d5301d64a4e8a,0,1,,,sys1qxsaztrgtqtsjjga6chvuytvsk7aytpqpe4hu32,10000000000000,10000000000000,1853508,1720227551,,,,9ffb201757940b46b322301ad385f9e815258079cc287734144d5301d64a4e8a:0
6c37d42d6f27fd2bc43a11e45ddfc9d891eddffd1fff87cb16e349a4e281e8d8,1,2,8f405ff9d5210794d3db897cf87e95c7fce7bef1bcc3a13f1203f0c82055a7b7,0,sys1qhlj92zvkdmurqde9hq49ssyjleslg22stlz0ja,10000000000000,9999933333777,1850932,1719836756,1,,,"8f405ff9d5210794d3db897cf87e95c7fce7bef1bcc3a13f1203f0c82055a7b7:0 > 6c37d42d6f27fd2bc43a11e45ddfc9d891eddffd1fff87cb16e349a4e281e8d8:1"
95f1db99d87892d52383627e730547768a9ab1634b8d7923bea98e105ab4b19c,0,2,78054885f5abdf10553e951a4a5125cba69f2895f849e79cb6f354a975c32142,0,SMVJpbnDQFEZunwnvk5F1QPbPzBPikZTE9,10000000000000,8161820146725,1837488,1717797905,1,,,"78054885f5abdf10553e951a4a5125cba69f2895f849e79cb6f354a975c32142:0 > 95f1db99d87892d52383627e730547768a9ab1634b8d7923bea98e105ab4b19c:0"
95f1db99d87892d52383627e730547768a9ab1634b8d7923bea98e105ab4b19c,1,2,78054885f5abdf10553e951a4a5125cba69f2895f849e79cb6f354a975c32142,0,SRwregbFuFLbaiJo6NtBukpER3y53GiPuX,10000000000000,8161820146725,1837488,1717797905,1,,,"78054885f5abdf10553e951a4a5125cba69f2895f849e79cb6f354a975c32142:0 > 95f1db99d87892d52383627e730547768a9ab1634b8d7923bea98e105ab4b19c:1"
95f1db99d87892d52383627e730547768a9ab1634b8d7923bea98e105ab4b19c,2,2,78054885f5abdf10553e951a4a5125cba69f2895f849e79cb6f354a975c32142,0,SUwXXBgXk17ap6LxyJfGgTBXpuM9NFhFT5,10000000000000,8161820146725,1837488,1717797905,1,,,"78054885f5abdf10553e951a4a5125cba69f2895f849e79cb6f354a975c32142:0 > 95f1db99d87892d52383627e730547768a9ab1634b8d7923bea98e105ab4b19c:2"
95f1db99d87892d52383627e730547768a9ab1634b8d7923bea98e105ab4b19c,3,2,78054885f5abdf10553e951a4a5125cba69f2895f849e79cb6f354a975c32142,0,SgB8zfgY5v2UhU6oH3BjqJgssPALnsfVCU,10000000000000,8161820146725,1837488,1717797905,1,,,"78054885f5abdf10553e951a4a5125cba69f2895f849e79cb6f354a975c32142:0 > 95f1db99d87892d52383627e730547768a9ab1634b8d7923bea98e105ab4b19c:3"
95f1db99d87892d52383627e730547768a9ab1634b8d7923bea98e105ab4b19c,4,2,78054885f5abdf10553e951a4a5125cba69f2895f849e79cb6f354a975c32142,0,SZxSchSDiphjSjeqNsrJZzxxyw382GpYe3,10000000000000,8161820146725,1837488,1717797905,1,,,"78054885f5abdf10553e951a4a5125cba69f2895f849e79cb6f354a975c32142:0 > 95f1db99d87892d52383627e730547768a9ab1634b8d7923bea98e105ab4b19c:4"
95f1db99d87892d52383627e730547768a9ab1634b8d7923bea98e105ab4b19c,5,2,78054885f5abdf10553e951a4a5125cba69f2895f849e79cb6f354a975c32142,0,SSjeWEAaAg2pNchHpKrCCiUnpDpPNX2qNt,10000000000000,8161820146725,1837488,1717797905,1,,,"78054885f5abdf10553e951a4a5125cba69f2895f849e79cb6f354a975c32142:0 > 95f1db99d87892d52383627e730547768a9ab1634b8d7923bea98e105ab4b19c:5"
cfb951b8401206391f8504db2da47187579a1d9c17753288a14e20b2b0d12662,0,1,,,sys1qcyjen8rnkavqy35dy94ylwsphuj4yuf2eyg69a,10000000000000,10000000000000,1837231,1717756326,1,,,cfb951b8401206391f8504db2da47187579a1d9c17753288a14e20b2b0d12662:0
9f0f89aa394fd31637fe82d5bbcb045c38688f3db8313323bba18573d2da27ff,0,1,,,sys1q8wg4gwfa83a8465a74mk7fza8k4e3pl3e989j8,10000000000000,10000000000000,1806227,1713040856,1,,,9f0f89aa394fd31637fe82d5bbcb045c38688f3db8313323bba18573d2da27ff:0
3031af1edf146c00cb79623ddb24270d608072cc01018d99187481f127ee258b,0,2,42c0874cbe8fbc34fa24ab32d1cb38959dc355086702aba9df35d6246d1c65df,0,SgnYvpXbbJ1xaeT2bRaixRNAK6nTSTRDrp,10000000000000,9220664282129,1784616,1709759088,1,,,"42c0874cbe8fbc34fa24ab32d1cb38959dc355086702aba9df35d6246d1c65df:0 > 3031af1edf146c00cb79623ddb24270d608072cc01018d99187481f127ee258b:0"
3031af1edf146c00cb79623ddb24270d608072cc01018d99187481f127ee258b,1,2,42c0874cbe8fbc34fa24ab32d1cb38959dc355086702aba9df35d6246d1c65df,0,SbHwQh7ZHYfPpouPjmJjbBzwi19r4S6fq1,10000000000000,9220664282129,1784616,1709759088,1,,,"42c0874cbe8fbc34fa24ab32d1cb38959dc355086702aba9df35d6246d1c65df:0 > 3031af1edf146c00cb79623ddb24270d608072cc01018d99187481f127ee258b:1"
3031af1edf146c00cb79623ddb24270d608072cc01018d99187481f127ee258b,3,2,42c0874cbe8fbc34fa24ab32d1cb38959dc355086702aba9df35d6246d1c65df,0,SiJgB9rwRrDFRgSAhrNicr38WoYV6ShEs4,10000000000000,9220664282129,1784616,1709759088,1,,,"42c0874cbe8fbc34fa24ab32d1cb38959dc355086702aba9df35d6246d1c65df:0 > 3031af1edf146c00cb79623ddb24270d608072cc01018d99187481f127ee258b:3"
3031af1edf146c00cb79623ddb24270d608072cc01018d99187481f127ee258b,4,2,42c0874cbe8fbc34fa24ab32d1cb38959dc355086702aba9df35d6246d1c65df,0,SN23uDUA7ht3uDwRcmQ4cAqYRfDHkXmVC3,10000000000000,9220664282129,1784616,1709759088,1,,,"42c0874cbe8fbc34fa24ab32d1cb38959dc355086702aba9df35d6246d1c65df:0 > 3031af1edf146c00cb79623ddb24270d608072cc01018d99187481f127ee258b:4"
3031af1edf146c00cb79623ddb24270d608072cc01018d99187481f127ee258b,5,2,42c0874cbe8fbc34fa24ab32d1cb38959dc355086702aba9df35d6246d1c65df,0,SQSHHVVVrM5WkjN9FPmCH7TxLPuu1fwvm4,10000000000000,9220664282129,1784616,1709759088,1,,,"42c0874cbe8fbc34fa24ab32d1cb38959dc355086702aba9df35d6246d1c65df:0 > 3031af1edf146c00cb79623ddb24270d608072cc01018d99187481f127ee258b:5"
3031af1edf146c00cb79623ddb24270d608072cc01018d99187481f127ee258b,6,2,42c0874cbe8fbc34fa24ab32d1cb38959dc355086702aba9df35d6246d1c65df,0,ScGpX9P9wkFWGqY2LvCPwEkMfKiLRTdR5v,10000000000000,9220664282129,1784616,1709759088,1,,,"42c0874cbe8fbc34fa24ab32d1cb38959dc355086702aba9df35d6246d1c65df:0 > 3031af1edf146c00cb79623ddb24270d608072cc01018d99187481f127ee258b:6"
4cfaaeda73847182ce7b9df5eb6801bc979c78880d437b2c3d24bc89f1ec2175,0,2,48ae70bd3dcbddef66f1fa259783b47d16fc017a516dbdbdc332f2563cac4d93,0,SYCoRQt17K5QC7UgPDchsn57RJ4YE1yW9W,10000000000000,10000000000000,1782791,1709479141,,,,"48ae70bd3dcbddef66f1fa259783b47d16fc017a516dbdbdc332f2563cac4d93:0 > 4cfaaeda73847182ce7b9df5eb6801bc979c78880d437b2c3d24bc89f1ec2175:0"
4cfaaeda73847182ce7b9df5eb6801bc979c78880d437b2c3d24bc89f1ec2175,1,2,48ae70bd3dcbddef66f1fa259783b47d16fc017a516dbdbdc332f2563cac4d93,0,SiZZRxzvUGjP3m6RvirMKiNYjp7Rj3fQrq,10000000000000,10000000000000,1782791,1709479141,,,,"48ae70bd3dcbddef66f1fa259783b47d16fc017a516dbdbdc332f2563cac4d93:0 > 4cfaaeda73847182ce7b9df5eb6801bc979c78880d437b2c3d24bc89f1ec2175:1"
4cfaaeda73847182ce7b9df5eb6801bc979c78880d437b2c3d24bc89f1ec2175,2,2,48ae70bd3dcbddef66f1fa259783b47d16fc017a516dbdbdc332f2563cac4d93,0,Sih89Jbi3i8Rmu45gYnJZpftwHq95peGWd,10000000000000,10000000000000,1782791,1709479141,,,,"48ae70bd3dcbddef66f1fa259783b47d16fc017a516dbdbdc332f2563cac4d93:0 > 4cfaaeda73847182ce7b9df5eb6801bc979c78880d437b2c3d24bc89f1ec2175:2"
4cfaaeda73847182ce7b9df5eb6801bc979c78880d437b2c3d24bc89f1ec2175,3,2,48ae70bd3dcbddef66f1fa259783b47d16fc017a516dbdbdc332f2563cac4d93,0,Si3vB6zh7aM28ajQZQft7h7i3Kuo6mGzPP,10000000000000,10000000000000,1782791,1709479141,,,,"48ae70bd3dcbddef66f1fa259783b47d16fc017a516dbdbdc332f2563cac4d93:0 > 4cfaaeda73847182ce7b9df5eb6801bc979c78880d437b2c3d24bc89f1ec2175:3"
4cfaaeda73847182ce7b9df5eb6801bc979c78880d437b2c3d24bc89f1ec2175,4,2,48ae70bd3dcbddef66f1fa259783b47d16fc017a516dbdbdc332f2563cac4d93,0,Sjm8MoKjhRjzSatd9DdeediVNGEGoYhnSW,10000000000000,10000000000000,1782791,1709479141,,,,"48ae70bd3dcbddef66f1fa259783b47d16fc017a516dbdbdc332f2563cac4d93:0 > 4cfaaeda73847182ce7b9df5eb6801bc979c78880d437b2c3d24bc89f1ec2175:4"
4cfaaeda73847182ce7b9df5eb6801bc979c78880d437b2c3d24bc89f1ec2175,5,2,48ae70bd3dcbddef66f1fa259783b47d16fc017a516dbdbdc332f2563cac4d93,0,SeAoxtWpY1K9UNKmUqbmu33cm1wRseFmqC,10000000000000,10000000000000,1782791,1709479141,,,,"48ae70bd3dcbddef66f1fa259783b47d16fc017a516dbdbdc332f2563cac4d93:0 > 4cfaaeda73847182ce7b9df5eb6801bc979c78880d437b2c3d24bc89f1ec2175:5"
4cfaaeda73847182ce7b9df5eb6801bc979c78880d437b2c3d24bc89f1ec2175,6,2,48ae70bd3dcbddef66f1fa259783b47d16fc017a516dbdbdc332f2563cac4d93,0,SfK51ne79fv9eHzjoCdV86yeyXN4MopgSd,10000000000000,10000000000000,1782791,1709479141,,,,"48ae70bd3dcbddef66f1fa259783b47d16fc017a516dbdbdc332f2563cac4d93:0 > 4cfaaeda73847182ce7b9df5eb6801bc979c78880d437b2c3d24bc89f1ec2175:6"
4cfaaeda73847182ce7b9df5eb6801bc979c78880d437b2c3d24bc89f1ec2175,7,2,48ae70bd3dcbddef66f1fa259783b47d16fc017a516dbdbdc332f2563cac4d93,0,SV2vVB5XuD6mLcJdevzKgPwKXBDJREm6YE,10000000000000,10000000000000,1782791,1709479141,,,,"48ae70bd3dcbddef66f1fa259783b47d16fc017a516dbdbdc332f2563cac4d93:0 > 4cfaaeda73847182ce7b9df5eb6801bc979c78880d437b2c3d24bc89f1ec2175:7"
4cfaaeda73847182ce7b9df5eb6801bc979c78880d437b2c3d24bc89f1ec2175,8,2,48ae70bd3dcbddef66f1fa259783b47d16fc017a516dbdbdc332f2563cac4d93,0,SciFG7ksDXb9YBGdxKD6JzeXfqbZppV8Jw,10000000000000,10000000000000,1782791,1709479141,,,,"48ae70bd3dcbddef66f1fa259783b47d16fc017a516dbdbdc332f2563cac4d93:0 > 4cfaaeda73847182ce7b9df5eb6801bc979c78880d437b2c3d24bc89f1ec2175:8"
4cfaaeda73847182ce7b9df5eb6801bc979c78880d437b2c3d24bc89f1ec2175,9,2,48ae70bd3dcbddef66f1fa259783b47d16fc017a516dbdbdc332f2563cac4d93,0,SS7MutJZN3sh1FGt4YtjyS6TmXTabeX8TG,10000000000000,10000000000000,1782791,1709479141,,,,"48ae70bd3dcbddef66f1fa259783b47d16fc017a516dbdbdc332f2563cac4d93:0 > 4cfaaeda73847182ce7b9df5eb6801bc979c78880d437b2c3d24bc89f1ec2175:9"
4cfaaeda73847182ce7b9df5eb6801bc979c78880d437b2c3d24bc89f1ec2175,11,2,48ae70bd3dcbddef66f1fa259783b47d16fc017a516dbdbdc332f2563cac4d93,0,SMYdng1kt1wC3PQyhoi1ysBSvQ7cA5JZ5f,10000000000000,10000000000000,1782791,1709479141,,,,"48ae70bd3dcbddef66f1fa259783b47d16fc017a516dbdbdc332f2563cac4d93:0 > 4cfaaeda73847182ce7b9df5eb6801bc979c78880d437b2c3d24bc89f1ec2175:11"
90964bf73d88d8156a598d03fd8866b655817dad333e79e2b617e24dcbf75903,0,1,,,sys1qp3ac4lmzxn88qq4yyynkcelagu8l3gjehslahv,10000000000000,10000000000000,1778864,1708883200,1,,,90964bf73d88d8156a598d03fd8866b655817dad333e79e2b617e24dcbf75903:0
2e655831364504cc44243a007613504723a763ce743cdfc66161a7cf3e6cfaeb,0,1,,,sys1q48agf7r898qxs7k3ees0gk4af5uz2utlf5753z,10000000000000,10000000000000,1772799,1707969554,1,,,2e655831364504cc44243a007613504723a763ce743cdfc66161a7cf3e6cfaeb:0
2e655831364504cc44243a007613504723a763ce743cdfc66161a7cf3e6cfaeb,2,1,,,sys1qd47v2aayd0305qfpn7xx2h66na2nq9qpneu0my,10000000000000,10000000000000,1772799,1707969554,1,,,2e655831364504cc44243a007613504723a763ce743cdfc66161a7cf3e6cfaeb:2
00d8735d4642027938593eda2b10b6f94f6adb3a8a17b8f4dff8dcc303965c8a,0,1,,,sys1qp2mcu30a6t8k4jhfaz3lnpuphtg7duz77lry5l,10000000000000,10000000000000,1772798,1707968952,1,,,00d8735d4642027938593eda2b10b6f94f6adb3a8a17b8f4dff8dcc303965c8a:0
6cc7b51992494553566dacb9f3299d8b360b723bb5d874b8a95566106fdbd293,0,1,,,sys1q3xrmpsc9qwd092lpddzenzcp9j5hld2z9h8tsh,10000000000000,10000000000000,1772798,1707968952,1,,,6cc7b51992494553566dacb9f3299d8b360b723bb5d874b8a95566106fdbd293:0
91e0c43b20c74727ee2810ef406835be7aaab5fb2096ed7bf1f555478fe50c06,0,1,,,sys1q426m8j0xngppceq2aq8d3wagxdesgruhky3cxg,10000000000000,10000000000000,1772798,1707968952,1,,,91e0c43b20c74727ee2810ef406835be7aaab5fb2096ed7bf1f555478fe50c06:0
5a43b6109c78b9b63495c46267b2f3121a75bbd849f00121bbf98df8961c9ead,0,1,,,sys1q3xrmpsc9qwd092lpddzenzcp9j5hld2z9h8tsh,10000000000000,10000000000000,1770265,1707581764,1,,,5a43b6109c78b9b63495c46267b2f3121a75bbd849f00121bbf98df8961c9ead:0
d67959fc05199bbab00216be56160a4cf2139a13b7e9b5eac4fb52c279ab1659,0,1,,,sys1qp2mcu30a6t8k4jhfaz3lnpuphtg7duz77lry5l,10000000000000,10000000000000,1770265,1707581764,1,,,d67959fc05199bbab00216be56160a4cf2139a13b7e9b5eac4fb52c279ab1659:0
6a41f986228869243852be2adeb21912888d4d6e25467007f410cd0416e381cb,1,2,3a7fdb08aa5d28477390bf9178932b91af48122117637d62e485bb42f8b4c17d,0,SedywHh71oVoGfiqbyLDbLPW3RSWbQyJ45,10000000000000,9180997955497,1758761,1705839610,1,,,"3a7fdb08aa5d28477390bf9178932b91af48122117637d62e485bb42f8b4c17d:0 > 6a41f986228869243852be2adeb21912888d4d6e25467007f410cd0416e381cb:1"
6a41f986228869243852be2adeb21912888d4d6e25467007f410cd0416e381cb,2,2,3a7fdb08aa5d28477390bf9178932b91af48122117637d62e485bb42f8b4c17d,0,SYNN1Z12vaffapnc9F4ka5XyediuSf12nL,10000000000000,9180997955497,1758761,1705839610,1,,,"3a7fdb08aa5d28477390bf9178932b91af48122117637d62e485bb42f8b4c17d:0 > 6a41f986228869243852be2adeb21912888d4d6e25467007f410cd0416e381cb:2"
6a41f986228869243852be2adeb21912888d4d6e25467007f410cd0416e381cb,3,2,3a7fdb08aa5d28477390bf9178932b91af48122117637d62e485bb42f8b4c17d,0,STeCGXDukSoeUW6M9aNSyW4aA2ruDhQdiE,10000000000000,9180997955497,1758761,1705839610,1,,,"3a7fdb08aa5d28477390bf9178932b91af48122117637d62e485bb42f8b4c17d:0 > 6a41f986228869243852be2adeb21912888d4d6e25467007f410cd0416e381cb:3"
6a41f986228869243852be2adeb21912888d4d6e25467007f410cd0416e381cb,4,2,3a7fdb08aa5d28477390bf9178932b91af48122117637d62e485bb42f8b4c17d,0,SThaveStZAcUQ9c2ksBtMBDv1oUEEyABjE,10000000000000,9180997955497,1758761,1705839610,1,,,"3a7fdb08aa5d28477390bf9178932b91af48122117637d62e485bb42f8b4c17d:0 > 6a41f986228869243852be2adeb21912888d4d6e25467007f410cd0416e381cb:4"
059545718927cc272f602a64c64f959341712f9b959688b1efb602429115dabf,0,2,9c2901bae5dbc8b9b68ec381c65ae7565bf28befe79f4fbd8070ee809baf5f20,0,sys1q2nrag82uz7ftg0260zwg0gj7vs7tc5dvcwjqpl,10000000000000,9999800003999,1747286,1704093697,1,,,"9c2901bae5dbc8b9b68ec381c65ae7565bf28befe79f4fbd8070ee809baf5f20:0 > 059545718927cc272f602a64c64f959341712f9b959688b1efb602429115dabf:0"
fabaf5122b5000c87997fd4deabd6cae1d12e3e1b75df48478b9bdf456668c30,1,2,d8c65ccb274dbba5147c2ae9f5ef98e6142d6fe9318d6fa6987058c4c9fcb6b6,0,sys1q3feustehafxpnr86ujd3smyk7xgc7dnu4gcdyk,10000000000000,9555858903823,1747286,1704093697,1,,,"d8c65ccb274dbba5147c2ae9f5ef98e6142d6fe9318d6fa6987058c4c9fcb6b6:0 > fabaf5122b5000c87997fd4deabd6cae1d12e3e1b75df48478b9bdf456668c30:1"
52b33fd3bee0b5dbaeec2982ca524568caaa284f45e2568c8054f9af45615ee1,0,1,,,sys1q79s9nudt3688scj228gn7lrvz7z3sem5hhdtvk,10000000000000,10000000000000,1743454,1703515320,1,,,52b33fd3bee0b5dbaeec2982ca524568caaa284f45e2568c8054f9af45615ee1:0
127cc82051fae8f136225feab54f14bfdf9cba4ce6cc31d844d3529c95af6217,0,2,b198f0e9c7438c4250b98198d5ee7c4084d7d872ef65568b71703f03e8c0ac68,0,sys1qzmqnfyck8nzh38d9r96cyetajx4egl0warmgur,10000000000000,10000000000000,1725331,1700762811,1,,,"b198f0e9c7438c4250b98198d5ee7c4084d7d872ef65568b71703f03e8c0ac68:0 > 127cc82051fae8f136225feab54f14bfdf9cba4ce6cc31d844d3529c95af6217:0"
de4bdef01b04d9563c805d2d5586418a47baa46b0a9692aebbab0f28e462438c,0,1,,,sys1qkmfjxwxn8nukar8p863vtz0dk9aj5tk2m8xsn8,10000000000000,10000000000000,1724216,1700591678,1,,,de4bdef01b04d9563c805d2d5586418a47baa46b0a9692aebbab0f28e462438c:0
69a5e3f206e24d585cddec5c300d1eaeede6478a454bc6e09146951085f78dae,0,1,,,sys1qvhu925mwmvqwd8fgqhvttyz52qgncsvrhrv02y,10000000000000,10000000000000,1724209,1700590842,1,,,69a5e3f206e24d585cddec5c300d1eaeede6478a454bc6e09146951085f78dae:0
52ece69cb206506d9c90d1f6a6980fd9707c235c1a2a7383798cb8492554ec40,0,1,,,sys1qufc9lgra2c9pj0qhrsh6az5hhqlws9rr7yhgpd,10000000000000,10000000000000,1724203,1700590310,1,,,52ece69cb206506d9c90d1f6a6980fd9707c235c1a2a7383798cb8492554ec40:0
4d2c54dcaf21754bb979bc6ed1af7926d32c6b4761f13b7cf8023eb8dbf8ea45,0,1,,,sys1qg2ar8aefk6efcd4w264e33tlp8q6naun4zaucj,10000000000000,10000000000000,1724201,1700590132,1,,,4d2c54dcaf21754bb979bc6ed1af7926d32c6b4761f13b7cf8023eb8dbf8ea45:0
0cbb5b64a73120dde683123246eaef9614acf62a6043721abebaa8f700996e9a,0,1,,,sys1qvz59yyj4azpany0m52jysrxtrp3r7redv9tncs,10000000000000,10000000000000,1717462,1699567707,1,,,0cbb5b64a73120dde683123246eaef9614acf62a6043721abebaa8f700996e9a:0
aae6cc1cc63de1bd19a9343d4c76f339fd36e0b0545a75461a3e464881d81937,0,2,58d5b3228f8a640dd88330bc5af3f035b49866d2e346c0c6cf9a7b512fa252d5,0,SeY7SqDBxqHunfZ75A9fWgsYHwF4M9aGfs,10000000000000,9548548005717,1712209,1698794117,,,,"58d5b3228f8a640dd88330bc5af3f035b49866d2e346c0c6cf9a7b512fa252d5:0 > aae6cc1cc63de1bd19a9343d4c76f339fd36e0b0545a75461a3e464881d81937:0"
aae6cc1cc63de1bd19a9343d4c76f339fd36e0b0545a75461a3e464881d81937,1,2,58d5b3228f8a640dd88330bc5af3f035b49866d2e346c0c6cf9a7b512fa252d5,0,Sh27zjpFgs9cuRaTGKdCwNZAz3whgJKbe3,10000000000000,9548548005717,1712209,1698794117,,,,"58d5b3228f8a640dd88330bc5af3f035b49866d2e346c0c6cf9a7b512fa252d5:0 > aae6cc1cc63de1bd19a9343d4c76f339fd36e0b0545a75461a3e464881d81937:1"
aae6cc1cc63de1bd19a9343d4c76f339fd36e0b0545a75461a3e464881d81937,2,2,58d5b3228f8a640dd88330bc5af3f035b49866d2e346c0c6cf9a7b512fa252d5,0,SNJchr96Krok778cnef14dynuzukKUjZsW,10000000000000,9548548005717,1712209,1698794117,,,,"58d5b3228f8a640dd88330bc5af3f035b49866d2e346c0c6cf9a7b512fa252d5:0 > aae6cc1cc63de1bd19a9343d4c76f339fd36e0b0545a75461a3e464881d81937:2"
aae6cc1cc63de1bd19a9343d4c76f339fd36e0b0545a75461a3e464881d81937,3,2,58d5b3228f8a640dd88330bc5af3f035b49866d2e346c0c6cf9a7b512fa252d5,0,SV3kunpEP2gANa9gTkoQLZ1HBiUQEs3RPg,10000000000000,9548548005717,1712209,1698794117,,,,"58d5b3228f8a640dd88330bc5af3f035b49866d2e346c0c6cf9a7b512fa252d5:0 > aae6cc1cc63de1bd19a9343d4c76f339fd36e0b0545a75461a3e464881d81937:3"
aae6cc1cc63de1bd19a9343d4c76f339fd36e0b0545a75461a3e464881d81937,5,2,58d5b3228f8a640dd88330bc5af3f035b49866d2e346c0c6cf9a7b512fa252d5,0,ScGDBqiXa6Km1k2S1yCmvoKwHgm6B4C4Cg,10000000000000,9548548005717,1712209,1698794117,,,,"58d5b3228f8a640dd88330bc5af3f035b49866d2e346c0c6cf9a7b512fa252d5:0 > aae6cc1cc63de1bd19a9343d4c76f339fd36e0b0545a75461a3e464881d81937:5"
aae6cc1cc63de1bd19a9343d4c76f339fd36e0b0545a75461a3e464881d81937,7,2,58d5b3228f8a640dd88330bc5af3f035b49866d2e346c0c6cf9a7b512fa252d5,0,SWXEe8GQuqo23YQ8R6jXgfZMoy8HkEExHJ,10000000000000,9548548005717,1712209,1698794117,,,,"58d5b3228f8a640dd88330bc5af3f035b49866d2e346c0c6cf9a7b512fa252d5:0 > aae6cc1cc63de1bd19a9343d4c76f339fd36e0b0545a75461a3e464881d81937:7"
aae6cc1cc63de1bd19a9343d4c76f339fd36e0b0545a75461a3e464881d81937,8,2,58d5b3228f8a640dd88330bc5af3f035b49866d2e346c0c6cf9a7b512fa252d5,0,SYBudPqLiM7oXX3kv5bnpCdSBLuTxZeHdv,10000000000000,9548548005717,1712209,1698794117,,,,"58d5b3228f8a640dd88330bc5af3f035b49866d2e346c0c6cf9a7b512fa252d5:0 > aae6cc1cc63de1bd19a9343d4c76f339fd36e0b0545a75461a3e464881d81937:8"
aae6cc1cc63de1bd19a9343d4c76f339fd36e0b0545a75461a3e464881d81937,9,2,58d5b3228f8a640dd88330bc5af3f035b49866d2e346c0c6cf9a7b512fa252d5,0,SiZH53Ekb3Aruuogjkh1ALsXj9qQhpjhwd,10000000000000,9548548005717,1712209,1698794117,,,,"58d5b3228f8a640dd88330bc5af3f035b49866d2e346c0c6cf9a7b512fa252d5:0 > aae6cc1cc63de1bd19a9343d4c76f339fd36e0b0545a75461a3e464881d81937:9"
56d45520c270efb78be533d57f18d02ecd451560f030843d4c266f5539aa035f,0,1,,,sys1qhlu2vydtvc28twx98ks67gzqzjx8js4zvzgl36,10000000000000,10000000000000,1692653,1695829182,,,,56d45520c270efb78be533d57f18d02ecd451560f030843d4c266f5539aa035f:0
f89e82e85723b2baa74453d1be8b1aad69856ce75305ecfdabf908655a1ef48e,0,1,,,sys1qdk7hlv6eqfsg8vhq4uluksedcjg3d3rjkzk585,10000000000000,10000000000000,1692634,1695825511,,,,f89e82e85723b2baa74453d1be8b1aad69856ce75305ecfdabf908655a1ef48e:0
57f8211831dc05f25bd0a34523658d61c70d9a6dc081fd82122ed5a703cd2002,0,1,,,sys1q6uc3d02wwaheykfeq5qejw85csq4rhc7h7r725,10000000000000,10000000000000,1692632,1695825079,,,,57f8211831dc05f25bd0a34523658d61c70d9a6dc081fd82122ed5a703cd2002:0
a27fd4eda2e31a15e72de55da13b37007f236999575da98ce245fd6e9ac26977,0,1,,,sys1qt6xnd5xpc45kpzw383qmuq24mmvkfw6a56ktuk,10000000000000,10000000000000,1691109,1695593229,1,,,a27fd4eda2e31a15e72de55da13b37007f236999575da98ce245fd6e9ac26977:0
32e2010bb362330f9b4609c319d20d690696b511b5be50bb79d710dddff85ef7,0,1,,,sys1qvugeyknm7p6uww553h4dv33aw7rxh5kprqldhl,10000000000000,10000000000000,1689300,1695312695,1,,,32e2010bb362330f9b4609c319d20d690696b511b5be50bb79d710dddff85ef7:0
9e5e5de17627df871cd2397ba10785be417ac645ba88fc40308b50f2bb7f2418,0,1,,,sys1q3xrmpsc9qwd092lpddzenzcp9j5hld2z9h8tsh,10000000000000,10000000000000,1686171,1694836487,1,,,9e5e5de17627df871cd2397ba10785be417ac645ba88fc40308b50f2bb7f2418:0
c40c4d09377054283f20f215558c4fba50d4d0c8ef04ed405ced16379a1591cc,0,1,,,sys1qxwq6emdkwaemls8hkls5g5chhthk3trx5hdzq4,10000000000000,10000000000000,1686077,1694823508,,,,c40c4d09377054283f20f215558c4fba50d4d0c8ef04ed405ced16379a1591cc:0
a830a72ab79bf53373df48f6527cc9f5b905f6cb49de339399144e8ea6b2dc9f,1,2,47b3908c0cf7c65dfdbbb945370d6e0ca6a669529754d19707279ea61c3b9952,0,sys1q4pl2clp37ug8eds9yywms7zggqs8pm8rnz3wvh,10000000000000,10000000000000,1679739,1693863619,,,,"47b3908c0cf7c65dfdbbb945370d6e0ca6a669529754d19707279ea61c3b9952:0 > a830a72ab79bf53373df48f6527cc9f5b905f6cb49de339399144e8ea6b2dc9f:1"
8e08f5696906dacb8f2e32cf5295a61a195ce61b5733673f897a86c25bb42ebf,0,2,7894d373646abe7b3028e5ba6b41a446dc4b5beff458c1a7502caa01ec5f23aa,0,SMxGu3PYscvAT5KSxmsqpFvZezxqjbUqxT,10000000000000,9683136377734,1675789,1693261461,,,,"7894d373646abe7b3028e5ba6b41a446dc4b5beff458c1a7502caa01ec5f23aa:0 > 8e08f5696906dacb8f2e32cf5295a61a195ce61b5733673f897a86c25bb42ebf:0"
8e08f5696906dacb8f2e32cf5295a61a195ce61b5733673f897a86c25bb42ebf,1,2,7894d373646abe7b3028e5ba6b41a446dc4b5beff458c1a7502caa01ec5f23aa,0,SSD1gDU6Pqf1YFgDGwTQR6sgziLuaejzhR,10000000000000,9683136377734,1675789,1693261461,,,,"7894d373646abe7b3028e5ba6b41a446dc4b5beff458c1a7502caa01ec5f23aa:0 > 8e08f5696906dacb8f2e32cf5295a61a195ce61b5733673f897a86c25bb42ebf:1"
8e08f5696906dacb8f2e32cf5295a61a195ce61b5733673f897a86c25bb42ebf,2,2,7894d373646abe7b3028e5ba6b41a446dc4b5beff458c1a7502caa01ec5f23aa,0,Sd6QHZ6fhatKdzYbyHBJonBRcDPp7LGZBe,10000000000000,9683136377734,1675789,1693261461,,,,"7894d373646abe7b3028e5ba6b41a446dc4b5beff458c1a7502caa01ec5f23aa:0 > 8e08f5696906dacb8f2e32cf5295a61a195ce61b5733673f897a86c25bb42ebf:2"
8e08f5696906dacb8f2e32cf5295a61a195ce61b5733673f897a86c25bb42ebf,3,2,7894d373646abe7b3028e5ba6b41a446dc4b5beff458c1a7502caa01ec5f23aa,0,Sdh2oBheHbBKPyeCFptcwDqphX5Q1uMTwk,10000000000000,9683136377734,1675789,1693261461,,,,"7894d373646abe7b3028e5ba6b41a446dc4b5beff458c1a7502caa01ec5f23aa:0 > 8e08f5696906dacb8f2e32cf5295a61a195ce61b5733673f897a86c25bb42ebf:3"
8e08f5696906dacb8f2e32cf5295a61a195ce61b5733673f897a86c25bb42ebf,4,2,7894d373646abe7b3028e5ba6b41a446dc4b5beff458c1a7502caa01ec5f23aa,0,SVTyhr59iTdCmhjQKPmdTfBsWhkFvJfV7Y,10000000000000,9683136377734,1675789,1693261461,,,,"7894d373646abe7b3028e5ba6b41a446dc4b5beff458c1a7502caa01ec5f23aa:0 > 8e08f5696906dacb8f2e32cf5295a61a195ce61b5733673f897a86c25bb42ebf:4"
8e08f5696906dacb8f2e32cf5295a61a195ce61b5733673f897a86c25bb42ebf,5,2,7894d373646abe7b3028e5ba6b41a446dc4b5beff458c1a7502caa01ec5f23aa,0,SgkYrGfLRmEix7HYofq9opMk7h6W6gmTcY,10000000000000,9683136377734,1675789,1693261461,,,,"7894d373646abe7b3028e5ba6b41a446dc4b5beff458c1a7502caa01ec5f23aa:0 > 8e08f5696906dacb8f2e32cf5295a61a195ce61b5733673f897a86c25bb42ebf:5"
8e08f5696906dacb8f2e32cf5295a61a195ce61b5733673f897a86c25bb42ebf,6,2,7894d373646abe7b3028e5ba6b41a446dc4b5beff458c1a7502caa01ec5f23aa,0,SRCERzYeokXpnLASco1Kx2sHktnUEtpNkQ,10000000000000,9683136377734,1675789,1693261461,,,,"7894d373646abe7b3028e5ba6b41a446dc4b5beff458c1a7502caa01ec5f23aa:0 > 8e08f5696906dacb8f2e32cf5295a61a195ce61b5733673f897a86c25bb42ebf:6"
8e08f5696906dacb8f2e32cf5295a61a195ce61b5733673f897a86c25bb42ebf,7,2,7894d373646abe7b3028e5ba6b41a446dc4b5beff458c1a7502caa01ec5f23aa,0,SeeUf2Kj4WvQNFSmvycaH5wsP85Yd9RQzA,10000000000000,9683136377734,1675789,1693261461,,,,"7894d373646abe7b3028e5ba6b41a446dc4b5beff458c1a7502caa01ec5f23aa:0 > 8e08f5696906dacb8f2e32cf5295a61a195ce61b5733673f897a86c25bb42ebf:7"
8e08f5696906dacb8f2e32cf5295a61a195ce61b5733673f897a86c25bb42ebf,8,2,7894d373646abe7b3028e5ba6b41a446dc4b5beff458c1a7502caa01ec5f23aa,0,SbKdgFQTCkoQ23KKKDSsg7MVAncc5CcQue,10000000000000,9683136377734,1675789,1693261461,,,,"7894d373646abe7b3028e5ba6b41a446dc4b5beff458c1a7502caa01ec5f23aa:0 > 8e08f5696906dacb8f2e32cf5295a61a195ce61b5733673f897a86c25bb42ebf:8"
0e4db59dd8b01d756d0190aa9927f61f6be36c27eddfc5567b956ac265bcde16,1,2,cd9c5721cced7774ab5c0aeda9548add19db3f9b9571abb9fc28a5c9d644f064,0,SgzHfjZTXP5XThciTfLFp6njZEujKjWuPA,10000000000000,8026117820369,1664220,1691511394,1,,,"cd9c5721cced7774ab5c0aeda9548add19db3f9b9571abb9fc28a5c9d644f064:0 > 0e4db59dd8b01d756d0190aa9927f61f6be36c27eddfc5567b956ac265bcde16:1"
53c43e380ced0423c917672dacb5863556587e327bfad01928ab4d0524555856,0,2,5caca8dc312cc9760670324aa3760628fc255c8eaa27e18d6c072e1a5dfc5be0,0,sys1q3k7ejd2z65d2t97myfh995dtfwge30n20s70x6,10000000000000,10000000000000,1654477,1690036217,,,,"5caca8dc312cc9760670324aa3760628fc255c8eaa27e18d6c072e1a5dfc5be0:0 > 53c43e380ced0423c917672dacb5863556587e327bfad01928ab4d0524555856:0"
1637520f1e33d8631374284c81ea8d2352313a379c3be4a35b0c97b92a649fcd,0,1,,,sys1qsvffcjl04aeful2lvrsdwtjr8h5efw8sp0lua3,10000000000000,10000000000000,1653995,1689959205,,,,1637520f1e33d8631374284c81ea8d2352313a379c3be4a35b0c97b92a649fcd:0
0d082413e61800e635ba061b2be2c5453b936aa9eec0aa0636d479d9afb7fd7b,0,1,,,sys1qce892npmj44ufcawwku8wpn9prh4rr7vf025kz,10000000000000,10000000000000,1653976,1689957154,,,,0d082413e61800e635ba061b2be2c5453b936aa9eec0aa0636d479d9afb7fd7b:0
162c967a3c054989711773f2ce792651b732a983fbccefd167bd8da31d6447bc,0,1,,,SR6QVJdtiqxMsD8A8jo9Km2wTLfNRXDEJa,10000000000000,10000000000000,1650799,1689479366,1,,,162c967a3c054989711773f2ce792651b732a983fbccefd167bd8da31d6447bc:0
76e4a795ea7f351cdf42f3a7ab12d740d786c2b2f085b7133c19cb94c33655c2,0,1,,,SMZEmwLqNeF3AdwEMphatLjm2r2uDHT6cs,10000000000000,10000000000000,1650797,1689479060,1,,,76e4a795ea7f351cdf42f3a7ab12d740d786c2b2f085b7133c19cb94c33655c2:0
cc26aa37b0760034cf59c02def20dbbab99cb1d871646f252dadaf4a6964b031,0,2,602d05a0db08218a402b19cbc7c52bc207fc0fa7d1453355d4cf51fe7ba5f26b,0,SMbVmGTCNSbuC6jgaDNRaqjFJmpfBwUnzr,10000000000000,9999933290003,1650041,1689363261,1,,,"602d05a0db08218a402b19cbc7c52bc207fc0fa7d1453355d4cf51fe7ba5f26b:0 > cc26aa37b0760034cf59c02def20dbbab99cb1d871646f252dadaf4a6964b031:0"
d10ecb8765fae52320474fe4505a6753b074758b76dc3044bc0a8ba75c2bfc19,0,2,2a9adc43d90f7e104819fc27aca57c905ade76e3665e793742b26c5eab02ef39,0,ShV1RxPyQ5SUkL5gCkSDuTGtw4MMWSjw9n,10000000000000,10000000000000,1647578,1688987262,,,,"2a9adc43d90f7e104819fc27aca57c905ade76e3665e793742b26c5eab02ef39:0 > d10ecb8765fae52320474fe4505a6753b074758b76dc3044bc0a8ba75c2bfc19:0"
b1f0a4a19d061269ab626a0ec1701eb4a496e0e4902416808e9923352cb8a0a4,0,1,,,sys1qnp03gdu4gjjpxak9yqrpm88wzxgtfqsky0fyur,10000000000000,10000000000000,1640188,1687866438,,,,b1f0a4a19d061269ab626a0ec1701eb4a496e0e4902416808e9923352cb8a0a4:0
ab0a4d935660eb3d55184f6e3532ea49193e910d3e0bb4421151f7fbb904fa72,0,1,,,sys1qnfrumn33428l0v04c43nk3g403hzrma33st9aj,10000000000000,10000000000000,1636192,1687258820,1,,,ab0a4d935660eb3d55184f6e3532ea49193e910d3e0bb4421151f7fbb904fa72:0
eb9fe288a7abc7d5a33a743e51170200f07b43ee75a8b7084b9c14c63f912d6f,0,1,,,sys1qq6qk4plpqmmfy0vfsves6gjn4d482s2zyfrfz2,10000000000000,10000000000000,1635656,1687177905,1,,,eb9fe288a7abc7d5a33a743e51170200f07b43ee75a8b7084b9c14c63f912d6f:0
338a405e58693f0b8380a4af77e8ed53858e72c8ba8664f76cf81d2ab7c28a9b,0,1,,,sys1qtclk56v7fezy3x07fesx2hn7aamu8r6eq57ksl,10000000000000,10000000000000,1631320,1686514710,,,,338a405e58693f0b8380a4af77e8ed53858e72c8ba8664f76cf81d2ab7c28a9b:0
bfbda913069b85f7894693e43f0b9a5ea1a72d185e72b7aa292edcee63c6c17f,0,1,,,sys1qksy70jyk9c28ak5cruyxfvy99h3szx2gy8tphl,10000000000000,10000000000000,1631319,1686514341,,,,bfbda913069b85f7894693e43f0b9a5ea1a72d185e72b7aa292edcee63c6c17f:0
e6c990b321294f65673b8fe35c20efc89991f9774af8d49c80dd488e7b3320f2,0,1,,,sys1qq2c9scynfvh8x3v6gx029zmvw20augruxh7vm7,10000000000000,10000000000000,1631317,1686514213,,,,e6c990b321294f65673b8fe35c20efc89991f9774af8d49c80dd488e7b3320f2:0
ffd0b099b4f911ac9211e5099415128a64a9d12b4abf60c650469647b272f47c,0,2,f7c5803f85fd83f23d487ab52e79060fd677acae675f5c5fa8ced02f5a71e35b,0,SgDfhQMNxjiiFmydzsosKr4iYHU2D33Qbg,10000000000000,9886753252514,1625582,1685646131,,,,"f7c5803f85fd83f23d487ab52e79060fd677acae675f5c5fa8ced02f5a71e35b:0 > ffd0b099b4f911ac9211e5099415128a64a9d12b4abf60c650469647b272f47c:0"
ffd0b099b4f911ac9211e5099415128a64a9d12b4abf60c650469647b272f47c,1,2,f7c5803f85fd83f23d487ab52e79060fd677acae675f5c5fa8ced02f5a71e35b,0,SVTzAVRkbSGifPTsVsxCfe79oWAMssNrKk,10000000000000,9886753252514,1625582,1685646131,,,,"f7c5803f85fd83f23d487ab52e79060fd677acae675f5c5fa8ced02f5a71e35b:0 > ffd0b099b4f911ac9211e5099415128a64a9d12b4abf60c650469647b272f47c:1"
ffd0b099b4f911ac9211e5099415128a64a9d12b4abf60c650469647b272f47c,2,2,f7c5803f85fd83f23d487ab52e79060fd677acae675f5c5fa8ced02f5a71e35b,0,Sivk15cDtjM4cPWknBKTwJwkNu9SXPUg7y,10000000000000,9886753252514,1625582,1685646131,,,,"f7c5803f85fd83f23d487ab52e79060fd677acae675f5c5fa8ced02f5a71e35b:0 > ffd0b099b4f911ac9211e5099415128a64a9d12b4abf60c650469647b272f47c:2"
ffd0b099b4f911ac9211e5099415128a64a9d12b4abf60c650469647b272f47c,4,2,f7c5803f85fd83f23d487ab52e79060fd677acae675f5c5fa8ced02f5a71e35b,0,SNhGL5vLdGa1XoAd6At9BiDkizrkfN4e1H,10000000000000,9886753252514,1625582,1685646131,,,,"f7c5803f85fd83f23d487ab52e79060fd677acae675f5c5fa8ced02f5a71e35b:0 > ffd0b099b4f911ac9211e5099415128a64a9d12b4abf60c650469647b272f47c:4"
ffd0b099b4f911ac9211e5099415128a64a9d12b4abf60c650469647b272f47c,5,2,f7c5803f85fd83f23d487ab52e79060fd677acae675f5c5fa8ced02f5a71e35b,0,SX8STmMQYHB54AmzYHzjm6tXQP9m3EPWzk,10000000000000,9886753252514,1625582,1685646131,,,,"f7c5803f85fd83f23d487ab52e79060fd677acae675f5c5fa8ced02f5a71e35b:0 > ffd0b099b4f911ac9211e5099415128a64a9d12b4abf60c650469647b272f47c:5"
ffd0b099b4f911ac9211e5099415128a64a9d12b4abf60c650469647b272f47c,6,2,f7c5803f85fd83f23d487ab52e79060fd677acae675f5c5fa8ced02f5a71e35b,0,ScZ9Cmg4K7HoYJ6PpeVjVoB9MkSSGAEsez,10000000000000,9886753252514,1625582,1685646131,,,,"f7c5803f85fd83f23d487ab52e79060fd677acae675f5c5fa8ced02f5a71e35b:0 > ffd0b099b4f911ac9211e5099415128a64a9d12b4abf60c650469647b272f47c:6"
ffd0b099b4f911ac9211e5099415128a64a9d12b4abf60c650469647b272f47c,7,2,f7c5803f85fd83f23d487ab52e79060fd677acae675f5c5fa8ced02f5a71e35b,0,SSvintBKFnHHXUjfAhw4JJwA71gm36F2aZ,10000000000000,9886753252514,1625582,1685646131,,,,"f7c5803f85fd83f23d487ab52e79060fd677acae675f5c5fa8ced02f5a71e35b:0 > ffd0b099b4f911ac9211e5099415128a64a9d12b4abf60c650469647b272f47c:7"
ffd0b099b4f911ac9211e5099415128a64a9d12b4abf60c650469647b272f47c,8,2,f7c5803f85fd83f23d487ab52e79060fd677acae675f5c5fa8ced02f5a71e35b,0,Sffcd3mmFwTJR2WdpZCDE92WSQZvNwU8Xd,10000000000000,9886753252514,1625582,1685646131,,,,"f7c5803f85fd83f23d487ab52e79060fd677acae675f5c5fa8ced02f5a71e35b:0 > ffd0b099b4f911ac9211e5099415128a64a9d12b4abf60c650469647b272f47c:8"
ffd0b099b4f911ac9211e5099415128a64a9d12b4abf60c650469647b272f47c,9,2,f7c5803f85fd83f23d487ab52e79060fd677acae675f5c5fa8ced02f5a71e35b,0,SRvoX2VBURJqiKsu1JM31XiB7KHrbutXAY,10000000000000,9886753252514,1625582,1685646131,,,,"f7c5803f85fd83f23d487ab52e79060fd677acae675f5c5fa8ced02f5a71e35b:0 > ffd0b099b4f911ac9211e5099415128a64a9d12b4abf60c650469647b272f47c:9"
ffd0b099b4f911ac9211e5099415128a64a9d12b4abf60c650469647b272f47c,10,2,f7c5803f85fd83f23d487ab52e79060fd677acae675f5c5fa8ced02f5a71e35b,0,SPzjvomx5MfkSmvnGDdsz55Up18gwp354Z,10000000000000,9886753252514,1625582,1685646131,,,,"f7c5803f85fd83f23d487ab52e79060fd677acae675f5c5fa8ced02f5a71e35b:0 > ffd0b099b4f911ac9211e5099415128a64a9d12b4abf60c650469647b272f47c:10"
ffd0b099b4f911ac9211e5099415128a64a9d12b4abf60c650469647b272f47c,11,2,f7c5803f85fd83f23d487ab52e79060fd677acae675f5c5fa8ced02f5a71e35b,0,SUw2kNPZ794twwbqXz4jJSu13hfpbBcaKY,10000000000000,9886753252514,1625582,1685646131,,,,"f7c5803f85fd83f23d487ab52e79060fd677acae675f5c5fa8ced02f5a71e35b:0 > ffd0b099b4f911ac9211e5099415128a64a9d12b4abf60c650469647b272f47c:11"
ffd0b099b4f911ac9211e5099415128a64a9d12b4abf60c650469647b272f47c,12,2,f7c5803f85fd83f23d487ab52e79060fd677acae675f5c5fa8ced02f5a71e35b,0,Sdti5bX8xoyotN2pv9DP3MJB5JkXW7DXXU,10000000000000,9886753252514,1625582,1685646131,,,,"f7c5803f85fd83f23d487ab52e79060fd677acae675f5c5fa8ced02f5a71e35b:0 > ffd0b099b4f911ac9211e5099415128a64a9d12b4abf60c650469647b272f47c:12"
ffd0b099b4f911ac9211e5099415128a64a9d12b4abf60c650469647b272f47c,13,2,f7c5803f85fd83f23d487ab52e79060fd677acae675f5c5fa8ced02f5a71e35b,0,SNLTskR6vGZgqAnxRXXDBaMygkYi3vLR4V,10000000000000,9886753252514,1625582,1685646131,,,,"f7c5803f85fd83f23d487ab52e79060fd677acae675f5c5fa8ced02f5a71e35b:0 > ffd0b099b4f911ac9211e5099415128a64a9d12b4abf60c650469647b272f47c:13"
ffd0b099b4f911ac9211e5099415128a64a9d12b4abf60c650469647b272f47c,14,2,f7c5803f85fd83f23d487ab52e79060fd677acae675f5c5fa8ced02f5a71e35b,0,SWJ8GQNPNPaRQQDGqnrfffthunb1snGxby,10000000000000,9886753252514,1625582,1685646131,,,,"f7c5803f85fd83f23d487ab52e79060fd677acae675f5c5fa8ced02f5a71e35b:0 > ffd0b099b4f911ac9211e5099415128a64a9d12b4abf60c650469647b272f47c:14"
ffd0b099b4f911ac9211e5099415128a64a9d12b4abf60c650469647b272f47c,15,2,f7c5803f85fd83f23d487ab52e79060fd677acae675f5c5fa8ced02f5a71e35b,0,SjtY39jj29xXkuXMPKFUA5h9gDkBPgexNe,10000000000000,9886753252514,1625582,1685646131,,,,"f7c5803f85fd83f23d487ab52e79060fd677acae675f5c5fa8ced02f5a71e35b:0 > ffd0b099b4f911ac9211e5099415128a64a9d12b4abf60c650469647b272f47c:15"
ffd0b099b4f911ac9211e5099415128a64a9d12b4abf60c650469647b272f47c,16,2,f7c5803f85fd83f23d487ab52e79060fd677acae675f5c5fa8ced02f5a71e35b,0,SR8iXjLBki2wUoVyab7RLtU1dZZuWDDZCC,10000000000000,9886753252514,1625582,1685646131,,,,"f7c5803f85fd83f23d487ab52e79060fd677acae675f5c5fa8ced02f5a71e35b:0 > ffd0b099b4f911ac9211e5099415128a64a9d12b4abf60c650469647b272f47c:16"
ffd0b099b4f911ac9211e5099415128a64a9d12b4abf60c650469647b272f47c,17,2,f7c5803f85fd83f23d487ab52e79060fd677acae675f5c5fa8ced02f5a71e35b,0,SUy9ubZD5Qi3UmpkKidJoRP7Mwk8QzTnyR,10000000000000,9886753252514,1625582,1685646131,,,,"f7c5803f85fd83f23d487ab52e79060fd677acae675f5c5fa8ced02f5a71e35b:0 > ffd0b099b4f911ac9211e5099415128a64a9d12b4abf60c650469647b272f47c:17"
ffd0b099b4f911ac9211e5099415128a64a9d12b4abf60c650469647b272f47c,18,2,f7c5803f85fd83f23d487ab52e79060fd677acae675f5c5fa8ced02f5a71e35b,0,SdhvAc9MyRqhMgNDRho6UKs7yWdTRiZt7s,10000000000000,9886753252514,1625582,1685646131,,,,"f7c5803f85fd83f23d487ab52e79060fd677acae675f5c5fa8ced02f5a71e35b:0 > ffd0b099b4f911ac9211e5099415128a64a9d12b4abf60c650469647b272f47c:18"
ffd0b099b4f911ac9211e5099415128a64a9d12b4abf60c650469647b272f47c,19,2,f7c5803f85fd83f23d487ab52e79060fd677acae675f5c5fa8ced02f5a71e35b,0,SZi1bwvFgRAeKZwhjCfbS4gALo8yQrzo3t,10000000000000,9886753252514,1625582,1685646131,,,,"f7c5803f85fd83f23d487ab52e79060fd677acae675f5c5fa8ced02f5a71e35b:0 > ffd0b099b4f911ac9211e5099415128a64a9d12b4abf60c650469647b272f47c:19"
ffd0b099b4f911ac9211e5099415128a64a9d12b4abf60c650469647b272f47c,20,2,f7c5803f85fd83f23d487ab52e79060fd677acae675f5c5fa8ced02f5a71e35b,0,SYD86p9W15Ya3UBteoA1TFp3FGpSHDyQTn,10000000000000,9886753252514,1625582,1685646131,,,,"f7c5803f85fd83f23d487ab52e79060fd677acae675f5c5fa8ced02f5a71e35b:0 > ffd0b099b4f911ac9211e5099415128a64a9d12b4abf60c650469647b272f47c:20"
ffd0b099b4f911ac9211e5099415128a64a9d12b4abf60c650469647b272f47c,21,2,f7c5803f85fd83f23d487ab52e79060fd677acae675f5c5fa8ced02f5a71e35b,0,SPAZjkYM74gVXVZtSK1qyuZ2nAex4iXS9Q,10000000000000,9886753252514,1625582,1685646131,,,,"f7c5803f85fd83f23d487ab52e79060fd677acae675f5c5fa8ced02f5a71e35b:0 > ffd0b099b4f911ac9211e5099415128a64a9d12b4abf60c650469647b272f47c:21"
ffd0b099b4f911ac9211e5099415128a64a9d12b4abf60c650469647b272f47c,22,2,f7c5803f85fd83f23d487ab52e79060fd677acae675f5c5fa8ced02f5a71e35b,0,SN4tHYk95qpyZ2qk57suzMEJgzBVzsPaXN,10000000000000,9886753252514,1625582,1685646131,,,,"f7c5803f85fd83f23d487ab52e79060fd677acae675f5c5fa8ced02f5a71e35b:0 > ffd0b099b4f911ac9211e5099415128a64a9d12b4abf60c650469647b272f47c:22"
ffd0b099b4f911ac9211e5099415128a64a9d12b4abf60c650469647b272f47c,23,2,f7c5803f85fd83f23d487ab52e79060fd677acae675f5c5fa8ced02f5a71e35b,0,SgqEEHhaQCCqsKgrkAxCXcSMAsfjxhgUys,10000000000000,9886753252514,1625582,1685646131,,,,"f7c5803f85fd83f23d487ab52e79060fd677acae675f5c5fa8ced02f5a71e35b:0 > ffd0b099b4f911ac9211e5099415128a64a9d12b4abf60c650469647b272f47c:23"
ffd0b099b4f911ac9211e5099415128a64a9d12b4abf60c650469647b272f47c,24,2,f7c5803f85fd83f23d487ab52e79060fd677acae675f5c5fa8ced02f5a71e35b,0,SaQmq5399FLybsq8mMCqYzijEY3QzuyWgW,10000000000000,9886753252514,1625582,1685646131,,,,"f7c5803f85fd83f23d487ab52e79060fd677acae675f5c5fa8ced02f5a71e35b:0 > ffd0b099b4f911ac9211e5099415128a64a9d12b4abf60c650469647b272f47c:24"
ffd0b099b4f911ac9211e5099415128a64a9d12b4abf60c650469647b272f47c,25,2,f7c5803f85fd83f23d487ab52e79060fd677acae675f5c5fa8ced02f5a71e35b,0,SdMJxU28RRtUhUm4pkCDkEgm1tdsDHfPsT,10000000000000,9886753252514,1625582,1685646131,,,,"f7c5803f85fd83f23d487ab52e79060fd677acae675f5c5fa8ced02f5a71e35b:0 > ffd0b099b4f911ac9211e5099415128a64a9d12b4abf60c650469647b272f47c:25"
ffd0b099b4f911ac9211e5099415128a64a9d12b4abf60c650469647b272f47c,26,2,f7c5803f85fd83f23d487ab52e79060fd677acae675f5c5fa8ced02f5a71e35b,0,SWX4vygQW3Rw5nxnk3hJemFL8qQyotRJRP,10000000000000,9886753252514,1625582,1685646131,,,,"f7c5803f85fd83f23d487ab52e79060fd677acae675f5c5fa8ced02f5a71e35b:0 > ffd0b099b4f911ac9211e5099415128a64a9d12b4abf60c650469647b272f47c:26"
ffd0b099b4f911ac9211e5099415128a64a9d12b4abf60c650469647b272f47c,27,2,f7c5803f85fd83f23d487ab52e79060fd677acae675f5c5fa8ced02f5a71e35b,0,SdQC1hBQBg7iyzTGzCRbSphLnZRXzsJApr,10000000000000,9886753252514,1625582,1685646131,,,,"f7c5803f85fd83f23d487ab52e79060fd677acae675f5c5fa8ced02f5a71e35b:0 > ffd0b099b4f911ac9211e5099415128a64a9d12b4abf60c650469647b272f47c:27"
ffd0b099b4f911ac9211e5099415128a64a9d12b4abf60c650469647b272f47c,28,2,f7c5803f85fd83f23d487ab52e79060fd677acae675f5c5fa8ced02f5a71e35b,0,SWmtF1mFETRNu5y94BhEYqR9LRzobkgvRY,10000000000000,9886753252514,1625582,1685646131,,,,"f7c5803f85fd83f23d487ab52e79060fd677acae675f5c5fa8ced02f5a71e35b:0 > ffd0b099b4f911ac9211e5099415128a64a9d12b4abf60c650469647b272f47c:28"
ffd0b099b4f911ac9211e5099415128a64a9d12b4abf60c650469647b272f47c,29,2,f7c5803f85fd83f23d487ab52e79060fd677acae675f5c5fa8ced02f5a71e35b,0,SUrhG2CUFwiq21Yxdn98Lak37Toyzqb1V8,10000000000000,9886753252514,1625582,1685646131,,,,"f7c5803f85fd83f23d487ab52e79060fd677acae675f5c5fa8ced02f5a71e35b:0 > ffd0b099b4f911ac9211e5099415128a64a9d12b4abf60c650469647b272f47c:29"
ffd0b099b4f911ac9211e5099415128a64a9d12b4abf60c650469647b272f47c,30,2,f7c5803f85fd83f23d487ab52e79060fd677acae675f5c5fa8ced02f5a71e35b,0,SavF45TU5ATUkorgzUR4ZFCpDfMf2vcq3y,10000000000000,9886753252514,1625582,1685646131,,,,"f7c5803f85fd83f23d487ab52e79060fd677acae675f5c5fa8ced02f5a71e35b:0 > ffd0b099b4f911ac9211e5099415128a64a9d12b4abf60c650469647b272f47c:30"
ffd0b099b4f911ac9211e5099415128a64a9d12b4abf60c650469647b272f47c,31,2,f7c5803f85fd83f23d487ab52e79060fd677acae675f5c5fa8ced02f5a71e35b,0,SgeCC9oVgGdoUgc1LE5gg3c1A4JKh3wHNE,10000000000000,9886753252514,1625582,1685646131,,,,"f7c5803f85fd83f23d487ab52e79060fd677acae675f5c5fa8ced02f5a71e35b:0 > ffd0b099b4f911ac9211e5099415128a64a9d12b4abf60c650469647b272f47c:31"
ffd0b099b4f911ac9211e5099415128a64a9d12b4abf60c650469647b272f47c,32,2,f7c5803f85fd83f23d487ab52e79060fd677acae675f5c5fa8ced02f5a71e35b,0,SPySUXDZ6NdT74U5jQPnzLzc69dH3SdBSn,10000000000000,9886753252514,1625582,1685646131,,,,"f7c5803f85fd83f23d487ab52e79060fd677acae675f5c5fa8ced02f5a71e35b:0 > ffd0b099b4f911ac9211e5099415128a64a9d12b4abf60c650469647b272f47c:32"
ffd0b099b4f911ac9211e5099415128a64a9d12b4abf60c650469647b272f47c,35,2,f7c5803f85fd83f23d487ab52e79060fd677acae675f5c5fa8ced02f5a71e35b,0,SgBUtPnkT68d9Khu5xi373Jru8JWzA29ov,10000000000000,9886753252514,1625582,1685646131,,,,"f7c5803f85fd83f23d487ab52e79060fd677acae675f5c5fa8ced02f5a71e35b:0 > ffd0b099b4f911ac9211e5099415128a64a9d12b4abf60c650469647b272f47c:35"
ffd0b099b4f911ac9211e5099415128a64a9d12b4abf60c650469647b272f47c,36,2,f7c5803f85fd83f23d487ab52e79060fd677acae675f5c5fa8ced02f5a71e35b,0,SQHmzd9JjEwyEsc7vf5YCXP7KxHwmT5iXy,10000000000000,9886753252514,1625582,1685646131,,,,"f7c5803f85fd83f23d487ab52e79060fd677acae675f5c5fa8ced02f5a71e35b:0 > ffd0b099b4f911ac9211e5099415128a64a9d12b4abf60c650469647b272f47c:36"
e7b4ddd3ccf53c7b504625152c18234b93d75682fc344d86a77b8cf27da36315,0,2,c9868b1e9836290cbec2eab64e223c4fc845fb33b60b1d048404e4e169038094,0,SdoKDwXdUy58Srt1pYKJxJRoK5YL61F2Cq,10000000000000,9448051678827,1608637,1683065716,,,,"c9868b1e9836290cbec2eab64e223c4fc845fb33b60b1d048404e4e169038094:0 > e7b4ddd3ccf53c7b504625152c18234b93d75682fc344d86a77b8cf27da36315:0"
e7b4ddd3ccf53c7b504625152c18234b93d75682fc344d86a77b8cf27da36315,1,2,c9868b1e9836290cbec2eab64e223c4fc845fb33b60b1d048404e4e169038094,0,SSMn6xSKFiLX2cYWm35xL3pncL6NPJ55bP,10000000000000,9448051678827,1608637,1683065716,,,,"c9868b1e9836290cbec2eab64e223c4fc845fb33b60b1d048404e4e169038094:0 > e7b4ddd3ccf53c7b504625152c18234b93d75682fc344d86a77b8cf27da36315:1"
e7b4ddd3ccf53c7b504625152c18234b93d75682fc344d86a77b8cf27da36315,2,2,c9868b1e9836290cbec2eab64e223c4fc845fb33b60b1d048404e4e169038094,0,SPkootFXZgs83ZCyQmgt9yQ9XVgKkbnCGy,10000000000000,9448051678827,1608637,1683065716,,,,"c9868b1e9836290cbec2eab64e223c4fc845fb33b60b1d048404e4e169038094:0 > e7b4ddd3ccf53c7b504625152c18234b93d75682fc344d86a77b8cf27da36315:2"
e7b4ddd3ccf53c7b504625152c18234b93d75682fc344d86a77b8cf27da36315,4,2,c9868b1e9836290cbec2eab64e223c4fc845fb33b60b1d048404e4e169038094,0,SZ1UmPS1sFtUU8dG2uTgJnFvgnc739YNsV,10000000000000,9448051678827,1608637,1683065716,,,,"c9868b1e9836290cbec2eab64e223c4fc845fb33b60b1d048404e4e169038094:0 > e7b4ddd3ccf53c7b504625152c18234b93d75682fc344d86a77b8cf27da36315:4"
e7b4ddd3ccf53c7b504625152c18234b93d75682fc344d86a77b8cf27da36315,5,2,c9868b1e9836290cbec2eab64e223c4fc845fb33b60b1d048404e4e169038094,0,STTAkGFZddQAgD5i5y58AwaoucxBe4uAtT,10000000000000,9448051678827,1608637,1683065716,,,,"c9868b1e9836290cbec2eab64e223c4fc845fb33b60b1d048404e4e169038094:0 > e7b4ddd3ccf53c7b504625152c18234b93d75682fc344d86a77b8cf27da36315:5"
e7b4ddd3ccf53c7b504625152c18234b93d75682fc344d86a77b8cf27da36315,6,2,c9868b1e9836290cbec2eab64e223c4fc845fb33b60b1d048404e4e169038094,0,SVmJPkZkqAzJQkhSh39byDini9djoHHiPP,10000000000000,9448051678827,1608637,1683065716,,,,"c9868b1e9836290cbec2eab64e223c4fc845fb33b60b1d048404e4e169038094:0 > e7b4ddd3ccf53c7b504625152c18234b93d75682fc344d86a77b8cf27da36315:6"
e7b4ddd3ccf53c7b504625152c18234b93d75682fc344d86a77b8cf27da36315,7,2,c9868b1e9836290cbec2eab64e223c4fc845fb33b60b1d048404e4e169038094,0,SiBsbRQpyi2NYo9oekP7JrV3EQmn2ZWdH9,10000000000000,9448051678827,1608637,1683065716,,,,"c9868b1e9836290cbec2eab64e223c4fc845fb33b60b1d048404e4e169038094:0 > e7b4ddd3ccf53c7b504625152c18234b93d75682fc344d86a77b8cf27da36315:7"
e7b4ddd3ccf53c7b504625152c18234b93d75682fc344d86a77b8cf27da36315,8,2,c9868b1e9836290cbec2eab64e223c4fc845fb33b60b1d048404e4e169038094,0,SUV8kjuzQie3QNgi6bWR4woV1jejCMJ8yn,10000000000000,9448051678827,1608637,1683065716,,,,"c9868b1e9836290cbec2eab64e223c4fc845fb33b60b1d048404e4e169038094:0 > e7b4ddd3ccf53c7b504625152c18234b93d75682fc344d86a77b8cf27da36315:8"
e7b4ddd3ccf53c7b504625152c18234b93d75682fc344d86a77b8cf27da36315,9,2,c9868b1e9836290cbec2eab64e223c4fc845fb33b60b1d048404e4e169038094,0,Sk9afXutKDLVQHGBhXUEhCPo51cKjMcegA,10000000000000,9448051678827,1608637,1683065716,,,,"c9868b1e9836290cbec2eab64e223c4fc845fb33b60b1d048404e4e169038094:0 > e7b4ddd3ccf53c7b504625152c18234b93d75682fc344d86a77b8cf27da36315:9"
c7d7fa60b57db9d18c333d9fe74b4b874f4335cd46a3f90fea6d5cdc6d78cb81,0,1,,,sys1qt27fd5rkq7p03mhzf5u5g2nedgz7n9m8lx774j,10000000000000,10000000000000,1607870,1682945779,,,,c7d7fa60b57db9d18c333d9fe74b4b874f4335cd46a3f90fea6d5cdc6d78cb81:0
903d5731e4e3ef623808ac42a83ac544837cd862c255fa6e1f7cd1cb81798ca5,0,1,,,sys1q3ltjpu7tfxkp522e63vljmjmz59av2euxxew64,10000000000000,10000000000000,1607625,1682905374,1,,,903d5731e4e3ef623808ac42a83ac544837cd862c255fa6e1f7cd1cb81798ca5:0
47f8f9721033510a2d3bdab6d9e371042a3476fbac15fbb0aba2575fbee06b8c,0,1,,,sys1q65m9dljrt9a7upmqkxn75hyjekpuddgux3452t,10000000000000,10000000000000,1591922,1680521064,,,,47f8f9721033510a2d3bdab6d9e371042a3476fbac15fbb0aba2575fbee06b8c:0
98afc9dd9b7374f101be7130f97abc6820e22a62f469ad57cf2abf33ba60d8b1,0,1,,,sys1ql6cjgkdezjqu7kv7jasljl24zex8ctjchtwvwk,10000000000000,10000000000000,1586643,1679720727,,,,98afc9dd9b7374f101be7130f97abc6820e22a62f469ad57cf2abf33ba60d8b1:0
9f1b97bafc2ee7f5274b181ea858c529f82bd5f2282141f4bbf99e4e3cb5d51b,0,2,5639d1834fac8c8f4749e8ba480e316dcdb762820db540dc02f0a105462fbb9b,0,SiSDmSCbnV9TgRMyBUsPcsSRar6EhiopCp,10000000000000,9580733257034,1569794,1677160103,1,,,"5639d1834fac8c8f4749e8ba480e316dcdb762820db540dc02f0a105462fbb9b:0 > 9f1b97bafc2ee7f5274b181ea858c529f82bd5f2282141f4bbf99e4e3cb5d51b:0"
9f1b97bafc2ee7f5274b181ea858c529f82bd5f2282141f4bbf99e4e3cb5d51b,2,2,5639d1834fac8c8f4749e8ba480e316dcdb762820db540dc02f0a105462fbb9b,0,SNsiWLT69dX6MeQQ9SsBVh4VaaZaV245Nw,10000000000000,9580733257034,1569794,1677160103,1,,,"5639d1834fac8c8f4749e8ba480e316dcdb762820db540dc02f0a105462fbb9b:0 > 9f1b97bafc2ee7f5274b181ea858c529f82bd5f2282141f4bbf99e4e3cb5d51b:2"
9f1b97bafc2ee7f5274b181ea858c529f82bd5f2282141f4bbf99e4e3cb5d51b,3,2,5639d1834fac8c8f4749e8ba480e316dcdb762820db540dc02f0a105462fbb9b,0,SNbAvoLv8vEh2MnpLawBMHHccZzjshZbXi,10000000000000,9580733257034,1569794,1677160103,1,,,"5639d1834fac8c8f4749e8ba480e316dcdb762820db540dc02f0a105462fbb9b:0 > 9f1b97bafc2ee7f5274b181ea858c529f82bd5f2282141f4bbf99e4e3cb5d51b:3"
9f1b97bafc2ee7f5274b181ea858c529f82bd5f2282141f4bbf99e4e3cb5d51b,4,2,5639d1834fac8c8f4749e8ba480e316dcdb762820db540dc02f0a105462fbb9b,0,SQUTB8vYz72ZJ2UWZS2BcauCzXG65E9Ct8,10000000000000,9580733257034,1569794,1677160103,1,,,"5639d1834fac8c8f4749e8ba480e316dcdb762820db540dc02f0a105462fbb9b:0 > 9f1b97bafc2ee7f5274b181ea858c529f82bd5f2282141f4bbf99e4e3cb5d51b:4"
32c809f3d5723be966ce6c36ff8a395dedc6d22a34e75ca00c95dc0ddaef1a60,0,1,,,sys1qmcrp8pvg4gr0ar6p9xmgmaeldczh5lme2htwd7,10000000000000,10000000000000,1558413,1675432461,1,,,32c809f3d5723be966ce6c36ff8a395dedc6d22a34e75ca00c95dc0ddaef1a60:0
694e50d0a990e200ac64fb64831cbcfc693fb9504ca288ac9111217ffcf54544,0,1,,,sys1qlk62evqdyrwaut9qjj7sm0vrq4vvgk3e46n8sk,10000000000000,10000000000000,1553858,1674741241,1,,,694e50d0a990e200ac64fb64831cbcfc693fb9504ca288ac9111217ffcf54544:0
b6ffc78d3731a8bfcea38d589a7f14fad559936f3da9c0f480c1d2488c1aa148,0,2,092ec91d186274c188e019a9b0ee50916600fbd2b231c15d02300ec443c1210b,0,SYFUsa52kW8wgSkGK9tAQU5DVSocHGrQVv,10000000000000,7935501770963,1550930,1674295861,,,,"092ec91d186274c188e019a9b0ee50916600fbd2b231c15d02300ec443c1210b:0 > b6ffc78d3731a8bfcea38d589a7f14fad559936f3da9c0f480c1d2488c1aa148:0"
b6ffc78d3731a8bfcea38d589a7f14fad559936f3da9c0f480c1d2488c1aa148,1,2,092ec91d186274c188e019a9b0ee50916600fbd2b231c15d02300ec443c1210b,0,SSY7viwt8pvoQfsQNyFGc6tsj51YfnBpEF,10000000000000,7935501770963,1550930,1674295861,,,,"092ec91d186274c188e019a9b0ee50916600fbd2b231c15d02300ec443c1210b:0 > b6ffc78d3731a8bfcea38d589a7f14fad559936f3da9c0f480c1d2488c1aa148:1"
b6ffc78d3731a8bfcea38d589a7f14fad559936f3da9c0f480c1d2488c1aa148,2,2,092ec91d186274c188e019a9b0ee50916600fbd2b231c15d02300ec443c1210b,0,SSRpBJ1aV2tQ3P8Hk6NPaHLXVT4acNVVYj,10000000000000,7935501770963,1550930,1674295861,,,,"092ec91d186274c188e019a9b0ee50916600fbd2b231c15d02300ec443c1210b:0 > b6ffc78d3731a8bfcea38d589a7f14fad559936f3da9c0f480c1d2488c1aa148:2"
b6ffc78d3731a8bfcea38d589a7f14fad559936f3da9c0f480c1d2488c1aa148,3,2,092ec91d186274c188e019a9b0ee50916600fbd2b231c15d02300ec443c1210b,0,SWj5nFWgjH2o17S7cK6Gs5ArnbxckYiFtM,10000000000000,7935501770963,1550930,1674295861,,,,"092ec91d186274c188e019a9b0ee50916600fbd2b231c15d02300ec443c1210b:0 > b6ffc78d3731a8bfcea38d589a7f14fad559936f3da9c0f480c1d2488c1aa148:3"
b6ffc78d3731a8bfcea38d589a7f14fad559936f3da9c0f480c1d2488c1aa148,5,2,092ec91d186274c188e019a9b0ee50916600fbd2b231c15d02300ec443c1210b,0,SXj1SM3xSmpwNCxzMKi74BxjCF5B5wAmZY,10000000000000,7935501770963,1550930,1674295861,,,,"092ec91d186274c188e019a9b0ee50916600fbd2b231c15d02300ec443c1210b:0 > b6ffc78d3731a8bfcea38d589a7f14fad559936f3da9c0f480c1d2488c1aa148:5"
b6ffc78d3731a8bfcea38d589a7f14fad559936f3da9c0f480c1d2488c1aa148,6,2,092ec91d186274c188e019a9b0ee50916600fbd2b231c15d02300ec443c1210b,0,Sjoyd9aQPX6RXAPV8AbvXUDXpTCHfVX1Wo,10000000000000,7935501770963,1550930,1674295861,,,,"092ec91d186274c188e019a9b0ee50916600fbd2b231c15d02300ec443c1210b:0 > b6ffc78d3731a8bfcea38d589a7f14fad559936f3da9c0f480c1d2488c1aa148:6"
b6ffc78d3731a8bfcea38d589a7f14fad559936f3da9c0f480c1d2488c1aa148,7,2,092ec91d186274c188e019a9b0ee50916600fbd2b231c15d02300ec443c1210b,0,SSfb3WWHFFNjhoUUgKctaJTVFyqSKb1kEQ,10000000000000,7935501770963,1550930,1674295861,,,,"092ec91d186274c188e019a9b0ee50916600fbd2b231c15d02300ec443c1210b:0 > b6ffc78d3731a8bfcea38d589a7f14fad559936f3da9c0f480c1d2488c1aa148:7"
b6ffc78d3731a8bfcea38d589a7f14fad559936f3da9c0f480c1d2488c1aa148,8,2,092ec91d186274c188e019a9b0ee50916600fbd2b231c15d02300ec443c1210b,0,SZBA41vNJatJk7kpuPXN4TzPfohtSSJaat,10000000000000,7935501770963,1550930,1674295861,,,,"092ec91d186274c188e019a9b0ee50916600fbd2b231c15d02300ec443c1210b:0 > b6ffc78d3731a8bfcea38d589a7f14fad559936f3da9c0f480c1d2488c1aa148:8"
b6ffc78d3731a8bfcea38d589a7f14fad559936f3da9c0f480c1d2488c1aa148,9,2,092ec91d186274c188e019a9b0ee50916600fbd2b231c15d02300ec443c1210b,0,SZkaYYznSSyJpMg45G8j2L4YJ2ueLauGtR,10000000000000,7935501770963,1550930,1674295861,,,,"092ec91d186274c188e019a9b0ee50916600fbd2b231c15d02300ec443c1210b:0 > b6ffc78d3731a8bfcea38d589a7f14fad559936f3da9c0f480c1d2488c1aa148:9"
7d9f3c6586356d6910b6e6b9e4d69dc1fa281e54ddce3e9bd4068193bbc9a8ab,0,1,,,sys1q3eclhr9lyd7rntdemg5xufz8qezy5jfvt8cwl2,10000000000000,10000000000000,1549266,1674043119,1,,,7d9f3c6586356d6910b6e6b9e4d69dc1fa281e54ddce3e9bd4068193bbc9a8ab:0
2f0c5ce8c3f492edc1ad7704d0e5ccbdf4d44126dbf23b33bf248e3a3e4f60f7,0,1,,,sys1q0pyhspqedt5qte385t4nkjsa6rv34kflk3pze0,10000000000000,10000000000000,1543876,1673229428,1,,,2f0c5ce8c3f492edc1ad7704d0e5ccbdf4d44126dbf23b33bf248e3a3e4f60f7:0
ffbaa435ed2a06e60b37216f0183a5b537092efdb121e15e1c710fce82b4d412,0,1,,,sys1qa27t33n8l2rn8vnmvfs682p4936mhs42kuv4af,10000000000000,10000000000000,1543799,1673217189,1,,,ffbaa435ed2a06e60b37216f0183a5b537092efdb121e15e1c710fce82b4d412:0
8da45f735741bc6713721a1a1ab3f9a91715b369a57dd7974f58b051551b140e,0,1,,,sys1qu7avwsm2y6ggkrrkjcud3cklfmx2jhle5xe9nm,10000000000000,10000000000000,1543663,1673194611,1,,,8da45f735741bc6713721a1a1ab3f9a91715b369a57dd7974f58b051551b140e:0
272c9dede410c418a711c24dc22881ec4edda94bd32353370104948186fafa19,0,2,ec5930468f48b5825300504c6a34654b83e9867c4062098cf9dc0d9af8aeabc1,0,SYY1iQSjwisY3M1UoXYCZZhxasHhhssVfJ,10000000000000,9839146180932,1540750,1672751614,,,,"ec5930468f48b5825300504c6a34654b83e9867c4062098cf9dc0d9af8aeabc1:0 > 272c9dede410c418a711c24dc22881ec4edda94bd32353370104948186fafa19:0"
272c9dede410c418a711c24dc22881ec4edda94bd32353370104948186fafa19,1,2,ec5930468f48b5825300504c6a34654b83e9867c4062098cf9dc0d9af8aeabc1,0,SSdDnLNJBGD4vAQsxsYonoLEsaWPRc9fwq,10000000000000,9839146180932,1540750,1672751614,,,,"ec5930468f48b5825300504c6a34654b83e9867c4062098cf9dc0d9af8aeabc1:0 > 272c9dede410c418a711c24dc22881ec4edda94bd32353370104948186fafa19:1"
272c9dede410c418a711c24dc22881ec4edda94bd32353370104948186fafa19,2,2,ec5930468f48b5825300504c6a34654b83e9867c4062098cf9dc0d9af8aeabc1,0,SV6Gu4mUwuddd9i61JUfSCeLn6LDB8NeaG,10000000000000,9839146180932,1540750,1672751614,,,,"ec5930468f48b5825300504c6a34654b83e9867c4062098cf9dc0d9af8aeabc1:0 > 272c9dede410c418a711c24dc22881ec4edda94bd32353370104948186fafa19:2"
272c9dede410c418a711c24dc22881ec4edda94bd32353370104948186fafa19,4,2,ec5930468f48b5825300504c6a34654b83e9867c4062098cf9dc0d9af8aeabc1,0,SaknwbjYoZ52kf7fw176Zp4apu5YnSxRbp,10000000000000,9839146180932,1540750,1672751614,,,,"ec5930468f48b5825300504c6a34654b83e9867c4062098cf9dc0d9af8aeabc1:0 > 272c9dede410c418a711c24dc22881ec4edda94bd32353370104948186fafa19:4"
272c9dede410c418a711c24dc22881ec4edda94bd32353370104948186fafa19,5,2,ec5930468f48b5825300504c6a34654b83e9867c4062098cf9dc0d9af8aeabc1,0,SR7eQrFywUSzhXdLWZT2gswbvh7AsLt776,10000000000000,9839146180932,1540750,1672751614,,,,"ec5930468f48b5825300504c6a34654b83e9867c4062098cf9dc0d9af8aeabc1:0 > 272c9dede410c418a711c24dc22881ec4edda94bd32353370104948186fafa19:5"
272c9dede410c418a711c24dc22881ec4edda94bd32353370104948186fafa19,6,2,ec5930468f48b5825300504c6a34654b83e9867c4062098cf9dc0d9af8aeabc1,0,SdisemvTdWmZRMxRYesoVV3ZXv2ComTPmE,10000000000000,9839146180932,1540750,1672751614,,,,"ec5930468f48b5825300504c6a34654b83e9867c4062098cf9dc0d9af8aeabc1:0 > 272c9dede410c418a711c24dc22881ec4edda94bd32353370104948186fafa19:6"
272c9dede410c418a711c24dc22881ec4edda94bd32353370104948186fafa19,7,2,ec5930468f48b5825300504c6a34654b83e9867c4062098cf9dc0d9af8aeabc1,0,SMyZVnf7tftpETxEzPHSM1hwcASwJrEH5k,10000000000000,9839146180932,1540750,1672751614,,,,"ec5930468f48b5825300504c6a34654b83e9867c4062098cf9dc0d9af8aeabc1:0 > 272c9dede410c418a711c24dc22881ec4edda94bd32353370104948186fafa19:7"
272c9dede410c418a711c24dc22881ec4edda94bd32353370104948186fafa19,8,2,ec5930468f48b5825300504c6a34654b83e9867c4062098cf9dc0d9af8aeabc1,0,SiAEVwjTktz2KMk7Fg8F8MZboBVJHKFsKA,10000000000000,9839146180932,1540750,1672751614,,,,"ec5930468f48b5825300504c6a34654b83e9867c4062098cf9dc0d9af8aeabc1:0 > 272c9dede410c418a711c24dc22881ec4edda94bd32353370104948186fafa19:8"
39ec6a172fc6dc63237ba1d1edf41f083e08bff1fdedcabca01c64c5250532df,0,2,1986405d1903c1d38bef58a19b1ee981ac657f8c6b0624ea677d62168afdae9c,0,SXKfbpjfAAfyRXrtgLFBLxxLuSjnoxXNnx,10000000000000,7290142791529,1540430,1672702036,,,,"1986405d1903c1d38bef58a19b1ee981ac657f8c6b0624ea677d62168afdae9c:0 > 39ec6a172fc6dc63237ba1d1edf41f083e08bff1fdedcabca01c64c5250532df:0"
39ec6a172fc6dc63237ba1d1edf41f083e08bff1fdedcabca01c64c5250532df,2,2,1986405d1903c1d38bef58a19b1ee981ac657f8c6b0624ea677d62168afdae9c,0,SWA9kPWhrYviCQN2zYbmBWVu3jFDNmvc8Z,10000000000000,7290142791529,1540430,1672702036,,,,"1986405d1903c1d38bef58a19b1ee981ac657f8c6b0624ea677d62168afdae9c:0 > 39ec6a172fc6dc63237ba1d1edf41f083e08bff1fdedcabca01c64c5250532df:2"
39ec6a172fc6dc63237ba1d1edf41f083e08bff1fdedcabca01c64c5250532df,3,2,1986405d1903c1d38bef58a19b1ee981ac657f8c6b0624ea677d62168afdae9c,0,SYLbZBSfMYmPqPG6VgjCjd3QqrzbkLVA3z,10000000000000,7290142791529,1540430,1672702036,,,,"1986405d1903c1d38bef58a19b1ee981ac657f8c6b0624ea677d62168afdae9c:0 > 39ec6a172fc6dc63237ba1d1edf41f083e08bff1fdedcabca01c64c5250532df:3"
08e65e0e89037d9c0d296b6b7a0d1170038ae917fc4799df919186e192d3314d,0,2,9bc09c581dedef154782c646830660a0062ad0901ef68161cdfc016995e42d24,0,sys1qunj2pejlc6n8q2662ffnu8m2v6klqpdkarpeqa,10000000000000,10000000000000,1530278,1671154884,,,,"9bc09c581dedef154782c646830660a0062ad0901ef68161cdfc016995e42d24:0 > 08e65e0e89037d9c0d296b6b7a0d1170038ae917fc4799df919186e192d3314d:0"
dfe9297e7b9bee5937d7cc93127fa623c751384e91637ab87e968a6150761660,1,2,071f036a0c93cf1d8af7912376b318bf94eec08e002bd5738192554e440d0afe,0,SjGSCiHeXSEJf3uxQcKwhQNYvSjfZSefDv,10000000000000,10000000000000,1530275,1671154378,1,,,"071f036a0c93cf1d8af7912376b318bf94eec08e002bd5738192554e440d0afe:0 > dfe9297e7b9bee5937d7cc93127fa623c751384e91637ab87e968a6150761660:1"
b66b44415e36674ade6a2980949ece7c85c60a379d5ea6ad296bfaec31d134b2,0,1,,,sys1q42sdd3y2tpyy90pfp4mpxvmhxw8r8p5xnqgzeg,10000000000000,10000000000000,1521897,1669879963,1,,,b66b44415e36674ade6a2980949ece7c85c60a379d5ea6ad296bfaec31d134b2:0
73d1a95b5325d6f667d250be3c57da6be316c16d0dae6edf98ca50bd64d40658,0,1,,,sys1q5hq336m4z5d6segjpgtfkdesju6jkyln8cnkdr,10000000000000,10000000000000,1521894,1669879144,1,,,73d1a95b5325d6f667d250be3c57da6be316c16d0dae6edf98ca50bd64d40658:0
d784c0b88308d842f587af2402ab839da40aece0a823951308a29516b66b35ee,0,1,,,sys1qz3ctzh4ufqs9pd9rgqh3sxvecmhh6xxvqjhe2e,10000000000000,10000000000000,1512006,1668379106,1,,,d784c0b88308d842f587af2402ab839da40aece0a823951308a29516b66b35ee:0
9d9c04f84a76788798864da2ac1ace3216f0172acacf563eecb4902ba37699dc,0,1,,,sys1qkeeg2d8facxamh2ce9707hfgsen7w3ynry37ee,10000000000000,10000000000000,1511110,1668242055,1,,,9d9c04f84a76788798864da2ac1ace3216f0172acacf563eecb4902ba37699dc:0
0de9c70d9f85512dc4d39f9598085f00e5406819b18b2e72d12d18dd565e5751,0,1,,,sys1qzaugtjulh4sqw3ukzg9amfn00c7n2s84k3kkrw,10000000000000,10000000000000,1509710,1668031621,1,,,0de9c70d9f85512dc4d39f9598085f00e5406819b18b2e72d12d18dd565e5751:0
eb7485fefab63449666d3ecbdb53eeff5c6718e21058b4288f517da7cb806a40,0,2,b6692526d8447df2710fd2437a779b3d9dd56ce11b3b5dff099173662c94fc67,0,SUVipAP9FWkc9vqMgz3ipQFjhuxuR4xDpx,10000000000000,7269523203070,1500132,1666571626,1,,,"b6692526d8447df2710fd2437a779b3d9dd56ce11b3b5dff099173662c94fc67:0 > eb7485fefab63449666d3ecbdb53eeff5c6718e21058b4288f517da7cb806a40:0"
eb7485fefab63449666d3ecbdb53eeff5c6718e21058b4288f517da7cb806a40,1,2,b6692526d8447df2710fd2437a779b3d9dd56ce11b3b5dff099173662c94fc67,0,SZ4R9GcYQoG29nqWJEsfJtmM3Kz81qJN7g,10000000000000,7269523203070,1500132,1666571626,1,,,"b6692526d8447df2710fd2437a779b3d9dd56ce11b3b5dff099173662c94fc67:0 > eb7485fefab63449666d3ecbdb53eeff5c6718e21058b4288f517da7cb806a40:1"
eb7485fefab63449666d3ecbdb53eeff5c6718e21058b4288f517da7cb806a40,2,2,b6692526d8447df2710fd2437a779b3d9dd56ce11b3b5dff099173662c94fc67,0,Sf8P4nmhX4D6J3ASjmzqZpLafPW9DbJQvn,10000000000000,7269523203070,1500132,1666571626,1,,,"b6692526d8447df2710fd2437a779b3d9dd56ce11b3b5dff099173662c94fc67:0 > eb7485fefab63449666d3ecbdb53eeff5c6718e21058b4288f517da7cb806a40:2"
eb7485fefab63449666d3ecbdb53eeff5c6718e21058b4288f517da7cb806a40,4,2,b6692526d8447df2710fd2437a779b3d9dd56ce11b3b5dff099173662c94fc67,0,STYTz6mstGLUBcgRXkUynD5GcLdZ82dxYz,10000000000000,7269523203070,1500132,1666571626,1,,,"b6692526d8447df2710fd2437a779b3d9dd56ce11b3b5dff099173662c94fc67:0 > eb7485fefab63449666d3ecbdb53eeff5c6718e21058b4288f517da7cb806a40:4"
46c84217e52ccc8bb0f780863cafcd8437b60ba9749277e9ffc6157e5e426d65,0,1,,,sys1qdrqmju6ngulpqae3xl0yhpnzm3lnhcj3xzqxas,10000000000000,10000000000000,1494405,1665702391,1,,,46c84217e52ccc8bb0f780863cafcd8437b60ba9749277e9ffc6157e5e426d65:0
4635b17b4b9374119d7ece856fb8f68226325b972723434abdd9ad9257fe9b1f,0,1,,,sys1qv8t076pjl38yd4d7mvuk3t73hyaa7eh5lyddj2,10000000000000,10000000000000,1490318,1665078072,1,,,4635b17b4b9374119d7ece856fb8f68226325b972723434abdd9ad9257fe9b1f:0
084e4f535ac3ef34ab3937645df299011a28457146cd2414f24ce80fb3821db5,1,2,3ec9bc1588aae5d440191ab3b4db4c18ff675e8cc4b93c557f3a32218b74ce16,0,sys1qh2g2fcummcvyvrpryvg8s94neyeee8v2d37693,10000000000000,10000000000000,1485579,1664359701,1,,,"3ec9bc1588aae5d440191ab3b4db4c18ff675e8cc4b93c557f3a32218b74ce16:0 > 084e4f535ac3ef34ab3937645df299011a28457146cd2414f24ce80fb3821db5:1"
accc2eafa5d6e4ea7ff133a1bac94a7509594d18463938efe5ca500c0802c376,0,1,,,sys1qet4gy6sj3cvp0yyn02uasc8jggm506y3emqafu,10000000000000,10000000000000,1484594,1664206964,,,,accc2eafa5d6e4ea7ff133a1bac94a7509594d18463938efe5ca500c0802c376:0
bbec6204656cceaf99de4ab58915843ec475c9f845cb8389228b463cff232427,0,1,,,sys1q0aqf07je08aeh3csvpcju9pdqgtgg236erw55y,10000000000000,10000000000000,1475245,1662798269,1,,,bbec6204656cceaf99de4ab58915843ec475c9f845cb8389228b463cff232427:0
851951198c097689458f96222e543b7023b427a775c0e49c9f9f63909e3ea6c5,0,2,925012b90cf38c40d90a91784f51184476b8648599c12ba2783600b9b4531f6f,0,SZdNhRCaYt7jKYKuDs9HCKf8hAEUBpU3oc,10000000000000,9094966533880,1473199,1662487917,1,,,"925012b90cf38c40d90a91784f51184476b8648599c12ba2783600b9b4531f6f:0 > 851951198c097689458f96222e543b7023b427a775c0e49c9f9f63909e3ea6c5:0"
851951198c097689458f96222e543b7023b427a775c0e49c9f9f63909e3ea6c5,1,2,925012b90cf38c40d90a91784f51184476b8648599c12ba2783600b9b4531f6f,0,SbPzamigZQ6484ParfXb3wJvkfYYdYTQSd,10000000000000,9094966533880,1473199,1662487917,1,,,"925012b90cf38c40d90a91784f51184476b8648599c12ba2783600b9b4531f6f:0 > 851951198c097689458f96222e543b7023b427a775c0e49c9f9f63909e3ea6c5:1"
851951198c097689458f96222e543b7023b427a775c0e49c9f9f63909e3ea6c5,2,2,925012b90cf38c40d90a91784f51184476b8648599c12ba2783600b9b4531f6f,0,ShhjWth7CmjUkx3U6hGseumUFY3FNhLYVV,10000000000000,9094966533880,1473199,1662487917,1,,,"925012b90cf38c40d90a91784f51184476b8648599c12ba2783600b9b4531f6f:0 > 851951198c097689458f96222e543b7023b427a775c0e49c9f9f63909e3ea6c5:2"
851951198c097689458f96222e543b7023b427a775c0e49c9f9f63909e3ea6c5,3,2,925012b90cf38c40d90a91784f51184476b8648599c12ba2783600b9b4531f6f,0,ShQWNDkSEpz1X1LBVqJqRZdrA1H3BGvFe3,10000000000000,9094966533880,1473199,1662487917,1,,,"925012b90cf38c40d90a91784f51184476b8648599c12ba2783600b9b4531f6f:0 > 851951198c097689458f96222e543b7023b427a775c0e49c9f9f63909e3ea6c5:3"
5b4d136984d85e7f0c2c007381e0752334ac6c948608ecb78458bea91b53cca8,1,2,5f9af2356143265cd3a183373d0b3d7662e45c681feb99b4f530b2083560cb52,0,sys1q7lyyd8p53ugjwu8pn348cl87e5ftm3sh6wnpn2,10000000000000,10000000000000,1458824,1660300950,1,,,"5f9af2356143265cd3a183373d0b3d7662e45c681feb99b4f530b2083560cb52:0 > 5b4d136984d85e7f0c2c007381e0752334ac6c948608ecb78458bea91b53cca8:1"
a905b0bd4863ead21e56324ad6cc4e646aacbc3f4221d248b79f7004862e348e,0,1,,,sys1qyptymz5mqe5jnrhze57tmnfcj6jttzg73tr4hz,10000000000000,10000000000000,1456718,1659982357,1,,,a905b0bd4863ead21e56324ad6cc4e646aacbc3f4221d248b79f7004862e348e:0
a1c27700d5fd0d1c01cd7d909697eb3f278f4b6a30b3ee8e1d31b433e589fdda,0,1,,,sys1qwqrnde829a689v8c3vkhwfwpyc3aa4kp5mmhfn,10000000000000,10000000000000,1446880,1658462159,1,,,a1c27700d5fd0d1c01cd7d909697eb3f278f4b6a30b3ee8e1d31b433e589fdda:0
feb51958ec0c1ac992f7ecaa0c91dd063327c49ed3094670cdce4fde5988a9ac,1,2,5f78ccb185ae8a3c84bfcdb8628672a870e7eb094c00cfb3c7785426b154fbce,0,sys1q7lyyd8p53ugjwu8pn348cl87e5ftm3sh6wnpn2,10000000000000,10000000000000,1443608,1657964656,1,,,"5f78ccb185ae8a3c84bfcdb8628672a870e7eb094c00cfb3c7785426b154fbce:0 > feb51958ec0c1ac992f7ecaa0c91dd063327c49ed3094670cdce4fde5988a9ac:1"
7278448c5ce18e9a9975fb4a28595fcb464e80ee7fc70c23d5f7d6ec913bf19f,0,1,,,sys1q4gf9pcnq304qqfxhwl58z939s9kjxt4m4nckxp,10000000000000,10000000000000,1439759,1657379026,1,,,7278448c5ce18e9a9975fb4a28595fcb464e80ee7fc70c23d5f7d6ec913bf19f:0
09f725ebe4e6b75eeb8e667dd59ebb4c7a5fd3002f074bbf6503939acfda3cfb,0,2,a5618b2f0b4006f9c7405440db039ab0f63768ec7e665de788306590bcc5d1a6,0,Shnqg74ryfS1WhjWtpfKMaQkRi1eeTWyJt,10000000000000,9660624069682,1439733,1657375316,,,,"a5618b2f0b4006f9c7405440db039ab0f63768ec7e665de788306590bcc5d1a6:0 > 09f725ebe4e6b75eeb8e667dd59ebb4c7a5fd3002f074bbf6503939acfda3cfb:0"
09f725ebe4e6b75eeb8e667dd59ebb4c7a5fd3002f074bbf6503939acfda3cfb,1,2,a5618b2f0b4006f9c7405440db039ab0f63768ec7e665de788306590bcc5d1a6,0,SfRycoCMWTmLjN3maGHvzutauDQ8Uec13a,10000000000000,9660624069682,1439733,1657375316,,,,"a5618b2f0b4006f9c7405440db039ab0f63768ec7e665de788306590bcc5d1a6:0 > 09f725ebe4e6b75eeb8e667dd59ebb4c7a5fd3002f074bbf6503939acfda3cfb:1"
09f725ebe4e6b75eeb8e667dd59ebb4c7a5fd3002f074bbf6503939acfda3cfb,2,2,a5618b2f0b4006f9c7405440db039ab0f63768ec7e665de788306590bcc5d1a6,0,SiaWP2NSCgs4HWJGxGRCPmzxb6DLts9tHA,10000000000000,9660624069682,1439733,1657375316,,,,"a5618b2f0b4006f9c7405440db039ab0f63768ec7e665de788306590bcc5d1a6:0 > 09f725ebe4e6b75eeb8e667dd59ebb4c7a5fd3002f074bbf6503939acfda3cfb:2"
09f725ebe4e6b75eeb8e667dd59ebb4c7a5fd3002f074bbf6503939acfda3cfb,4,2,a5618b2f0b4006f9c7405440db039ab0f63768ec7e665de788306590bcc5d1a6,0,SSr83z6GBmJX45sdhYT1gqpnmMq3WVzq6k,10000000000000,9660624069682,1439733,1657375316,,,,"a5618b2f0b4006f9c7405440db039ab0f63768ec7e665de788306590bcc5d1a6:0 > 09f725ebe4e6b75eeb8e667dd59ebb4c7a5fd3002f074bbf6503939acfda3cfb:4"
09f725ebe4e6b75eeb8e667dd59ebb4c7a5fd3002f074bbf6503939acfda3cfb,5,2,a5618b2f0b4006f9c7405440db039ab0f63768ec7e665de788306590bcc5d1a6,0,SheAG2KGEqkDYdjEvRVDGzTZSGZZkSj5gR,10000000000000,9660624069682,1439733,1657375316,,,,"a5618b2f0b4006f9c7405440db039ab0f63768ec7e665de788306590bcc5d1a6:0 > 09f725ebe4e6b75eeb8e667dd59ebb4c7a5fd3002f074bbf6503939acfda3cfb:5"
bb1c46286c5f614ad99536bde088577af551608d6b1248c30fc92462c07166b6,0,1,,,sys1qp4jh87e2dyzmxsu2gencncj9ftr9gcunwh9d7d,10000000000000,10000000000000,1439665,1657366774,1,,,bb1c46286c5f614ad99536bde088577af551608d6b1248c30fc92462c07166b6:0
